WARNING - 2025-11-26 01:48:49 --> [DEPRECATED] number_format(): Passing null to parameter #1 ($num) of type float is deprecated in APPPATH\Views\Shop\detail.php on line 139.
 1 APPPATH\Views\Shop\detail.php(139): number_format(null, 1)
 2 SYSTEMPATH\View\View.php(226): include('C:\\xampp\\htdocs\\nyobaUAS\\app\\Views\\Shop\\detail.php')
 3 SYSTEMPATH\View\View.php(229): CodeIgniter\View\View->CodeIgniter\View\{closure}()
 4 SYSTEMPATH\Common.php(1167): CodeIgniter\View\View->render('Shop/detail', [], true)
 5 APPPATH\Controllers\Shop.php(109): view('Shop/detail', [...])
 6 SYSTEMPATH\CodeIgniter.php(933): App\Controllers\Shop->detail('high-grade-sand-25kg')
 7 SYSTEMPATH\CodeIgniter.php(507): CodeIgniter\CodeIgniter->runController(Object(App\Controllers\Shop))
 8 SYSTEMPATH\CodeIgniter.php(354): CodeIgniter\CodeIgniter->handleRequest(null, Object(Config\Cache), false)
 9 SYSTEMPATH\Boot.php(363): CodeIgniter\CodeIgniter->run()
10 SYSTEMPATH\Boot.php(68): CodeIgniter\Boot::runCodeIgniter(Object(CodeIgniter\CodeIgniter))
11 FCPATH\index.php(59): CodeIgniter\Boot::bootWeb(Object(Config\Paths))
12 SYSTEMPATH\rewrite.php(44): require_once('C:\\xampp\\htdocs\\nyobaUAS\\public\\index.php')
WARNING - 2025-11-26 01:48:49 --> [DEPRECATED] number_format(): Passing null to parameter #1 ($num) of type float is deprecated in APPPATH\Views\Shop\detail.php on line 188.
 1 APPPATH\Views\Shop\detail.php(188): number_format(null, 1)
 2 SYSTEMPATH\View\View.php(226): include('C:\\xampp\\htdocs\\nyobaUAS\\app\\Views\\Shop\\detail.php')
 3 SYSTEMPATH\View\View.php(229): CodeIgniter\View\View->CodeIgniter\View\{closure}()
 4 SYSTEMPATH\Common.php(1167): CodeIgniter\View\View->render('Shop/detail', [], true)
 5 APPPATH\Controllers\Shop.php(109): view('Shop/detail', [...])
 6 SYSTEMPATH\CodeIgniter.php(933): App\Controllers\Shop->detail('high-grade-sand-25kg')
 7 SYSTEMPATH\CodeIgniter.php(507): CodeIgniter\CodeIgniter->runController(Object(App\Controllers\Shop))
 8 SYSTEMPATH\CodeIgniter.php(354): CodeIgniter\CodeIgniter->handleRequest(null, Object(Config\Cache), false)
 9 SYSTEMPATH\Boot.php(363): CodeIgniter\CodeIgniter->run()
10 SYSTEMPATH\Boot.php(68): CodeIgniter\Boot::runCodeIgniter(Object(CodeIgniter\CodeIgniter))
11 FCPATH\index.php(59): CodeIgniter\Boot::bootWeb(Object(Config\Paths))
12 SYSTEMPATH\rewrite.php(44): require_once('C:\\xampp\\htdocs\\nyobaUAS\\public\\index.php')
WARNING - 2025-11-26 01:48:55 --> [DEPRECATED] number_format(): Passing null to parameter #1 ($num) of type float is deprecated in APPPATH\Views\Shop\detail.php on line 139.
 1 APPPATH\Views\Shop\detail.php(139): number_format(null, 1)
 2 SYSTEMPATH\View\View.php(226): include('C:\\xampp\\htdocs\\nyobaUAS\\app\\Views\\Shop\\detail.php')
 3 SYSTEMPATH\View\View.php(229): CodeIgniter\View\View->CodeIgniter\View\{closure}()
 4 SYSTEMPATH\Common.php(1167): CodeIgniter\View\View->render('Shop/detail', [], true)
 5 APPPATH\Controllers\Shop.php(109): view('Shop/detail', [...])
 6 SYSTEMPATH\CodeIgniter.php(933): App\Controllers\Shop->detail('construction-safety-gloves')
 7 SYSTEMPATH\CodeIgniter.php(507): CodeIgniter\CodeIgniter->runController(Object(App\Controllers\Shop))
 8 SYSTEMPATH\CodeIgniter.php(354): CodeIgniter\CodeIgniter->handleRequest(null, Object(Config\Cache), false)
 9 SYSTEMPATH\Boot.php(363): CodeIgniter\CodeIgniter->run()
10 SYSTEMPATH\Boot.php(68): CodeIgniter\Boot::runCodeIgniter(Object(CodeIgniter\CodeIgniter))
11 FCPATH\index.php(59): CodeIgniter\Boot::bootWeb(Object(Config\Paths))
12 SYSTEMPATH\rewrite.php(44): require_once('C:\\xampp\\htdocs\\nyobaUAS\\public\\index.php')
WARNING - 2025-11-26 01:48:55 --> [DEPRECATED] number_format(): Passing null to parameter #1 ($num) of type float is deprecated in APPPATH\Views\Shop\detail.php on line 188.
 1 APPPATH\Views\Shop\detail.php(188): number_format(null, 1)
 2 SYSTEMPATH\View\View.php(226): include('C:\\xampp\\htdocs\\nyobaUAS\\app\\Views\\Shop\\detail.php')
 3 SYSTEMPATH\View\View.php(229): CodeIgniter\View\View->CodeIgniter\View\{closure}()
 4 SYSTEMPATH\Common.php(1167): CodeIgniter\View\View->render('Shop/detail', [], true)
 5 APPPATH\Controllers\Shop.php(109): view('Shop/detail', [...])
 6 SYSTEMPATH\CodeIgniter.php(933): App\Controllers\Shop->detail('construction-safety-gloves')
 7 SYSTEMPATH\CodeIgniter.php(507): CodeIgniter\CodeIgniter->runController(Object(App\Controllers\Shop))
 8 SYSTEMPATH\CodeIgniter.php(354): CodeIgniter\CodeIgniter->handleRequest(null, Object(Config\Cache), false)
 9 SYSTEMPATH\Boot.php(363): CodeIgniter\CodeIgniter->run()
10 SYSTEMPATH\Boot.php(68): CodeIgniter\Boot::runCodeIgniter(Object(CodeIgniter\CodeIgniter))
11 FCPATH\index.php(59): CodeIgniter\Boot::bootWeb(Object(Config\Paths))
12 SYSTEMPATH\rewrite.php(44): require_once('C:\\xampp\\htdocs\\nyobaUAS\\public\\index.php')
WARNING - 2025-11-26 01:49:00 --> [DEPRECATED] number_format(): Passing null to parameter #1 ($num) of type float is deprecated in APPPATH\Views\Shop\detail.php on line 139.
 1 APPPATH\Views\Shop\detail.php(139): number_format(null, 1)
 2 SYSTEMPATH\View\View.php(226): include('C:\\xampp\\htdocs\\nyobaUAS\\app\\Views\\Shop\\detail.php')
 3 SYSTEMPATH\View\View.php(229): CodeIgniter\View\View->CodeIgniter\View\{closure}()
 4 SYSTEMPATH\Common.php(1167): CodeIgniter\View\View->render('Shop/detail', [], true)
 5 APPPATH\Controllers\Shop.php(109): view('Shop/detail', [...])
 6 SYSTEMPATH\CodeIgniter.php(933): App\Controllers\Shop->detail('adjustable-pipe-wrench')
 7 SYSTEMPATH\CodeIgniter.php(507): CodeIgniter\CodeIgniter->runController(Object(App\Controllers\Shop))
 8 SYSTEMPATH\CodeIgniter.php(354): CodeIgniter\CodeIgniter->handleRequest(null, Object(Config\Cache), false)
 9 SYSTEMPATH\Boot.php(363): CodeIgniter\CodeIgniter->run()
10 SYSTEMPATH\Boot.php(68): CodeIgniter\Boot::runCodeIgniter(Object(CodeIgniter\CodeIgniter))
11 FCPATH\index.php(59): CodeIgniter\Boot::bootWeb(Object(Config\Paths))
12 SYSTEMPATH\rewrite.php(44): require_once('C:\\xampp\\htdocs\\nyobaUAS\\public\\index.php')
WARNING - 2025-11-26 01:49:00 --> [DEPRECATED] number_format(): Passing null to parameter #1 ($num) of type float is deprecated in APPPATH\Views\Shop\detail.php on line 188.
 1 APPPATH\Views\Shop\detail.php(188): number_format(null, 1)
 2 SYSTEMPATH\View\View.php(226): include('C:\\xampp\\htdocs\\nyobaUAS\\app\\Views\\Shop\\detail.php')
 3 SYSTEMPATH\View\View.php(229): CodeIgniter\View\View->CodeIgniter\View\{closure}()
 4 SYSTEMPATH\Common.php(1167): CodeIgniter\View\View->render('Shop/detail', [], true)
 5 APPPATH\Controllers\Shop.php(109): view('Shop/detail', [...])
 6 SYSTEMPATH\CodeIgniter.php(933): App\Controllers\Shop->detail('adjustable-pipe-wrench')
 7 SYSTEMPATH\CodeIgniter.php(507): CodeIgniter\CodeIgniter->runController(Object(App\Controllers\Shop))
 8 SYSTEMPATH\CodeIgniter.php(354): CodeIgniter\CodeIgniter->handleRequest(null, Object(Config\Cache), false)
 9 SYSTEMPATH\Boot.php(363): CodeIgniter\CodeIgniter->run()
10 SYSTEMPATH\Boot.php(68): CodeIgniter\Boot::runCodeIgniter(Object(CodeIgniter\CodeIgniter))
11 FCPATH\index.php(59): CodeIgniter\Boot::bootWeb(Object(Config\Paths))
12 SYSTEMPATH\rewrite.php(44): require_once('C:\\xampp\\htdocs\\nyobaUAS\\public\\index.php')
WARNING - 2025-11-26 01:49:05 --> [DEPRECATED] number_format(): Passing null to parameter #1 ($num) of type float is deprecated in APPPATH\Views\Shop\detail.php on line 139.
 1 APPPATH\Views\Shop\detail.php(139): number_format(null, 1)
 2 SYSTEMPATH\View\View.php(226): include('C:\\xampp\\htdocs\\nyobaUAS\\app\\Views\\Shop\\detail.php')
 3 SYSTEMPATH\View\View.php(229): CodeIgniter\View\View->CodeIgniter\View\{closure}()
 4 SYSTEMPATH\Common.php(1167): CodeIgniter\View\View->render('Shop/detail', [], true)
 5 APPPATH\Controllers\Shop.php(109): view('Shop/detail', [...])
 6 SYSTEMPATH\CodeIgniter.php(933): App\Controllers\Shop->detail('safety-helmet-set')
 7 SYSTEMPATH\CodeIgniter.php(507): CodeIgniter\CodeIgniter->runController(Object(App\Controllers\Shop))
 8 SYSTEMPATH\CodeIgniter.php(354): CodeIgniter\CodeIgniter->handleRequest(null, Object(Config\Cache), false)
 9 SYSTEMPATH\Boot.php(363): CodeIgniter\CodeIgniter->run()
10 SYSTEMPATH\Boot.php(68): CodeIgniter\Boot::runCodeIgniter(Object(CodeIgniter\CodeIgniter))
11 FCPATH\index.php(59): CodeIgniter\Boot::bootWeb(Object(Config\Paths))
12 SYSTEMPATH\rewrite.php(44): require_once('C:\\xampp\\htdocs\\nyobaUAS\\public\\index.php')
WARNING - 2025-11-26 01:49:05 --> [DEPRECATED] number_format(): Passing null to parameter #1 ($num) of type float is deprecated in APPPATH\Views\Shop\detail.php on line 188.
 1 APPPATH\Views\Shop\detail.php(188): number_format(null, 1)
 2 SYSTEMPATH\View\View.php(226): include('C:\\xampp\\htdocs\\nyobaUAS\\app\\Views\\Shop\\detail.php')
 3 SYSTEMPATH\View\View.php(229): CodeIgniter\View\View->CodeIgniter\View\{closure}()
 4 SYSTEMPATH\Common.php(1167): CodeIgniter\View\View->render('Shop/detail', [], true)
 5 APPPATH\Controllers\Shop.php(109): view('Shop/detail', [...])
 6 SYSTEMPATH\CodeIgniter.php(933): App\Controllers\Shop->detail('safety-helmet-set')
 7 SYSTEMPATH\CodeIgniter.php(507): CodeIgniter\CodeIgniter->runController(Object(App\Controllers\Shop))
 8 SYSTEMPATH\CodeIgniter.php(354): CodeIgniter\CodeIgniter->handleRequest(null, Object(Config\Cache), false)
 9 SYSTEMPATH\Boot.php(363): CodeIgniter\CodeIgniter->run()
10 SYSTEMPATH\Boot.php(68): CodeIgniter\Boot::runCodeIgniter(Object(CodeIgniter\CodeIgniter))
11 FCPATH\index.php(59): CodeIgniter\Boot::bootWeb(Object(Config\Paths))
12 SYSTEMPATH\rewrite.php(44): require_once('C:\\xampp\\htdocs\\nyobaUAS\\public\\index.php')
WARNING - 2025-11-26 01:49:11 --> [DEPRECATED] number_format(): Passing null to parameter #1 ($num) of type float is deprecated in APPPATH\Views\Shop\detail.php on line 139.
 1 APPPATH\Views\Shop\detail.php(139): number_format(null, 1)
 2 SYSTEMPATH\View\View.php(226): include('C:\\xampp\\htdocs\\nyobaUAS\\app\\Views\\Shop\\detail.php')
 3 SYSTEMPATH\View\View.php(229): CodeIgniter\View\View->CodeIgniter\View\{closure}()
 4 SYSTEMPATH\Common.php(1167): CodeIgniter\View\View->render('Shop/detail', [], true)
 5 APPPATH\Controllers\Shop.php(109): view('Shop/detail', [...])
 6 SYSTEMPATH\CodeIgniter.php(933): App\Controllers\Shop->detail('professional-power-drill')
 7 SYSTEMPATH\CodeIgniter.php(507): CodeIgniter\CodeIgniter->runController(Object(App\Controllers\Shop))
 8 SYSTEMPATH\CodeIgniter.php(354): CodeIgniter\CodeIgniter->handleRequest(null, Object(Config\Cache), false)
 9 SYSTEMPATH\Boot.php(363): CodeIgniter\CodeIgniter->run()
10 SYSTEMPATH\Boot.php(68): CodeIgniter\Boot::runCodeIgniter(Object(CodeIgniter\CodeIgniter))
11 FCPATH\index.php(59): CodeIgniter\Boot::bootWeb(Object(Config\Paths))
12 SYSTEMPATH\rewrite.php(44): require_once('C:\\xampp\\htdocs\\nyobaUAS\\public\\index.php')
WARNING - 2025-11-26 01:49:11 --> [DEPRECATED] number_format(): Passing null to parameter #1 ($num) of type float is deprecated in APPPATH\Views\Shop\detail.php on line 188.
 1 APPPATH\Views\Shop\detail.php(188): number_format(null, 1)
 2 SYSTEMPATH\View\View.php(226): include('C:\\xampp\\htdocs\\nyobaUAS\\app\\Views\\Shop\\detail.php')
 3 SYSTEMPATH\View\View.php(229): CodeIgniter\View\View->CodeIgniter\View\{closure}()
 4 SYSTEMPATH\Common.php(1167): CodeIgniter\View\View->render('Shop/detail', [], true)
 5 APPPATH\Controllers\Shop.php(109): view('Shop/detail', [...])
 6 SYSTEMPATH\CodeIgniter.php(933): App\Controllers\Shop->detail('professional-power-drill')
 7 SYSTEMPATH\CodeIgniter.php(507): CodeIgniter\CodeIgniter->runController(Object(App\Controllers\Shop))
 8 SYSTEMPATH\CodeIgniter.php(354): CodeIgniter\CodeIgniter->handleRequest(null, Object(Config\Cache), false)
 9 SYSTEMPATH\Boot.php(363): CodeIgniter\CodeIgniter->run()
10 SYSTEMPATH\Boot.php(68): CodeIgniter\Boot::runCodeIgniter(Object(CodeIgniter\CodeIgniter))
11 FCPATH\index.php(59): CodeIgniter\Boot::bootWeb(Object(Config\Paths))
12 SYSTEMPATH\rewrite.php(44): require_once('C:\\xampp\\htdocs\\nyobaUAS\\public\\index.php')
DEBUG - 2025-11-26 01:50:25 --> Session: Class initialized using 'CodeIgniter\Session\Handlers\FileHandler' driver.
DEBUG - 2025-11-26 01:50:25 --> Session: Class initialized using 'CodeIgniter\Session\Handlers\FileHandler' driver.
DEBUG - 2025-11-26 01:50:34 --> Session: Class initialized using 'CodeIgniter\Session\Handlers\FileHandler' driver.
DEBUG - 2025-11-26 01:50:35 --> Session: Class initialized using 'CodeIgniter\Session\Handlers\FileHandler' driver.
DEBUG - 2025-11-26 01:50:41 --> Session: Class initialized using 'CodeIgniter\Session\Handlers\FileHandler' driver.
DEBUG - 2025-11-26 01:50:42 --> Session: Class initialized using 'CodeIgniter\Session\Handlers\FileHandler' driver.
DEBUG - 2025-11-26 01:50:44 --> Session: Class initialized using 'CodeIgniter\Session\Handlers\FileHandler' driver.
DEBUG - 2025-11-26 01:50:44 --> Session: Class initialized using 'CodeIgniter\Session\Handlers\FileHandler' driver.
DEBUG - 2025-11-26 01:50:45 --> Session: Class initialized using 'CodeIgniter\Session\Handlers\FileHandler' driver.
DEBUG - 2025-11-26 01:50:45 --> Session: Class initialized using 'CodeIgniter\Session\Handlers\FileHandler' driver.
DEBUG - 2025-11-26 01:50:50 --> Session: Class initialized using 'CodeIgniter\Session\Handlers\FileHandler' driver.
DEBUG - 2025-11-26 02:07:20 --> Session: Class initialized using 'CodeIgniter\Session\Handlers\FileHandler' driver.
DEBUG - 2025-11-26 02:07:20 --> Session: Class initialized using 'CodeIgniter\Session\Handlers\FileHandler' driver.
DEBUG - 2025-11-26 02:09:53 --> Session: Class initialized using 'CodeIgniter\Session\Handlers\FileHandler' driver.
DEBUG - 2025-11-26 02:10:08 --> Session: Class initialized using 'CodeIgniter\Session\Handlers\FileHandler' driver.
DEBUG - 2025-11-26 02:11:36 --> Session: Class initialized using 'CodeIgniter\Session\Handlers\FileHandler' driver.
DEBUG - 2025-11-26 02:12:05 --> Session: Class initialized using 'CodeIgniter\Session\Handlers\FileHandler' driver.
DEBUG - 2025-11-26 02:13:55 --> Session: Class initialized using 'CodeIgniter\Session\Handlers\FileHandler' driver.
DEBUG - 2025-11-26 02:13:56 --> Session: Class initialized using 'CodeIgniter\Session\Handlers\FileHandler' driver.
DEBUG - 2025-11-26 02:13:59 --> Session: Class initialized using 'CodeIgniter\Session\Handlers\FileHandler' driver.
DEBUG - 2025-11-26 02:25:12 --> Session: Class initialized using 'CodeIgniter\Session\Handlers\FileHandler' driver.
ERROR - 2025-11-26 02:25:12 --> mysqli_sql_exception: Column 'user_id' cannot be null in C:\xampp\htdocs\nyobaUAS\system\Database\MySQLi\Connection.php:327
Stack trace:
#0 C:\xampp\htdocs\nyobaUAS\system\Database\MySQLi\Connection.php(327): mysqli->query('INSERT INTO `ca...', 0)
#1 C:\xampp\htdocs\nyobaUAS\system\Database\BaseConnection.php(729): CodeIgniter\Database\MySQLi\Connection->execute('INSERT INTO `ca...')
#2 C:\xampp\htdocs\nyobaUAS\system\Database\BaseConnection.php(646): CodeIgniter\Database\BaseConnection->simpleQuery('INSERT INTO `ca...')
#3 C:\xampp\htdocs\nyobaUAS\system\Database\BaseBuilder.php(2345): CodeIgniter\Database\BaseConnection->query('INSERT INTO `ca...', Array, false)
#4 C:\xampp\htdocs\nyobaUAS\system\Model.php(394): CodeIgniter\Database\BaseBuilder->insert()
#5 C:\xampp\htdocs\nyobaUAS\system\BaseModel.php(838): CodeIgniter\Model->doInsert(Array)
#6 C:\xampp\htdocs\nyobaUAS\system\Model.php(797): CodeIgniter\BaseModel->insert(Array, true)
#7 C:\xampp\htdocs\nyobaUAS\app\Controllers\Cart.php(29): CodeIgniter\Model->insert(Array, true)
#8 C:\xampp\htdocs\nyobaUAS\app\Controllers\Cart.php(42): App\Controllers\Cart->getUserCartId()
#9 C:\xampp\htdocs\nyobaUAS\system\CodeIgniter.php(933): App\Controllers\Cart->index()
#10 C:\xampp\htdocs\nyobaUAS\system\CodeIgniter.php(507): CodeIgniter\CodeIgniter->runController(Object(App\Controllers\Cart))
#11 C:\xampp\htdocs\nyobaUAS\system\CodeIgniter.php(354): CodeIgniter\CodeIgniter->handleRequest(NULL, Object(Config\Cache), false)
#12 C:\xampp\htdocs\nyobaUAS\system\Boot.php(363): CodeIgniter\CodeIgniter->run()
#13 C:\xampp\htdocs\nyobaUAS\system\Boot.php(68): CodeIgniter\Boot::runCodeIgniter(Object(CodeIgniter\CodeIgniter))
#14 C:\xampp\htdocs\nyobaUAS\public\index.php(59): CodeIgniter\Boot::bootWeb(Object(Config\Paths))
#15 C:\xampp\htdocs\nyobaUAS\system\rewrite.php(44): require_once('C:\\xampp\\htdocs...')
#16 {main}
CRITICAL - 2025-11-26 02:25:12 --> CodeIgniter\Database\Exceptions\DatabaseException: Column 'user_id' cannot be null
[Method: GET, Route: cart]
in SYSTEMPATH\Database\BaseConnection.php on line 684.
 1 SYSTEMPATH\Database\BaseBuilder.php(2345): CodeIgniter\Database\BaseConnection->query('INSERT INTO `cart` (`user_id`, `created_at`, `updated_at`) VALUES (:user_id:, :created_at:, :updated_at:)', [...], false)
 2 SYSTEMPATH\Model.php(394): CodeIgniter\Database\BaseBuilder->insert()
 3 SYSTEMPATH\BaseModel.php(838): CodeIgniter\Model->doInsert([...])
 4 SYSTEMPATH\Model.php(797): CodeIgniter\BaseModel->insert([...], true)
 5 APPPATH\Controllers\Cart.php(29): CodeIgniter\Model->insert([...], true)
 6 APPPATH\Controllers\Cart.php(42): App\Controllers\Cart->getUserCartId()
 7 SYSTEMPATH\CodeIgniter.php(933): App\Controllers\Cart->index()
 8 SYSTEMPATH\CodeIgniter.php(507): CodeIgniter\CodeIgniter->runController(Object(App\Controllers\Cart))
 9 SYSTEMPATH\CodeIgniter.php(354): CodeIgniter\CodeIgniter->handleRequest(null, Object(Config\Cache), false)
10 SYSTEMPATH\Boot.php(363): CodeIgniter\CodeIgniter->run()
11 SYSTEMPATH\Boot.php(68): CodeIgniter\Boot::runCodeIgniter(Object(CodeIgniter\CodeIgniter))
12 FCPATH\index.php(59): CodeIgniter\Boot::bootWeb(Object(Config\Paths))
13 SYSTEMPATH\rewrite.php(44): require_once('C:\\xampp\\htdocs\\nyobaUAS\\public\\index.php')
CRITICAL - 2025-11-26 02:25:12 --> [Caused by] CodeIgniter\Database\Exceptions\DatabaseException: Column 'user_id' cannot be null
in SYSTEMPATH\Database\MySQLi\Connection.php on line 332.
 1 SYSTEMPATH\Database\BaseConnection.php(729): CodeIgniter\Database\MySQLi\Connection->execute('INSERT INTO `cart` (`user_id`, `created_at`, `updated_at`) VALUES (NULL, \'2025-11-26 02:25:12\', \'2025-11-26 02:25:12\')')
 2 SYSTEMPATH\Database\BaseConnection.php(646): CodeIgniter\Database\BaseConnection->simpleQuery('INSERT INTO `cart` (`user_id`, `created_at`, `updated_at`) VALUES (NULL, \'2025-11-26 02:25:12\', \'2025-11-26 02:25:12\')')
 3 SYSTEMPATH\Database\BaseBuilder.php(2345): CodeIgniter\Database\BaseConnection->query('INSERT INTO `cart` (`user_id`, `created_at`, `updated_at`) VALUES (:user_id:, :created_at:, :updated_at:)', [...], false)
 4 SYSTEMPATH\Model.php(394): CodeIgniter\Database\BaseBuilder->insert()
 5 SYSTEMPATH\BaseModel.php(838): CodeIgniter\Model->doInsert([...])
 6 SYSTEMPATH\Model.php(797): CodeIgniter\BaseModel->insert([...], true)
 7 APPPATH\Controllers\Cart.php(29): CodeIgniter\Model->insert([...], true)
 8 APPPATH\Controllers\Cart.php(42): App\Controllers\Cart->getUserCartId()
 9 SYSTEMPATH\CodeIgniter.php(933): App\Controllers\Cart->index()
10 SYSTEMPATH\CodeIgniter.php(507): CodeIgniter\CodeIgniter->runController(Object(App\Controllers\Cart))
11 SYSTEMPATH\CodeIgniter.php(354): CodeIgniter\CodeIgniter->handleRequest(null, Object(Config\Cache), false)
12 SYSTEMPATH\Boot.php(363): CodeIgniter\CodeIgniter->run()
13 SYSTEMPATH\Boot.php(68): CodeIgniter\Boot::runCodeIgniter(Object(CodeIgniter\CodeIgniter))
14 FCPATH\index.php(59): CodeIgniter\Boot::bootWeb(Object(Config\Paths))
15 SYSTEMPATH\rewrite.php(44): require_once('C:\\xampp\\htdocs\\nyobaUAS\\public\\index.php')
CRITICAL - 2025-11-26 02:25:12 --> [Caused by] mysqli_sql_exception: Column 'user_id' cannot be null
in SYSTEMPATH\Database\MySQLi\Connection.php on line 327.
 1 SYSTEMPATH\Database\MySQLi\Connection.php(327): mysqli->query('INSERT INTO `cart` (`user_id`, `created_at`, `updated_at`) VALUES (NULL, \'2025-11-26 02:25:12\', \'2025-11-26 02:25:12\')', 0)
 2 SYSTEMPATH\Database\BaseConnection.php(729): CodeIgniter\Database\MySQLi\Connection->execute('INSERT INTO `cart` (`user_id`, `created_at`, `updated_at`) VALUES (NULL, \'2025-11-26 02:25:12\', \'2025-11-26 02:25:12\')')
 3 SYSTEMPATH\Database\BaseConnection.php(646): CodeIgniter\Database\BaseConnection->simpleQuery('INSERT INTO `cart` (`user_id`, `created_at`, `updated_at`) VALUES (NULL, \'2025-11-26 02:25:12\', \'2025-11-26 02:25:12\')')
 4 SYSTEMPATH\Database\BaseBuilder.php(2345): CodeIgniter\Database\BaseConnection->query('INSERT INTO `cart` (`user_id`, `created_at`, `updated_at`) VALUES (:user_id:, :created_at:, :updated_at:)', [...], false)
 5 SYSTEMPATH\Model.php(394): CodeIgniter\Database\BaseBuilder->insert()
 6 SYSTEMPATH\BaseModel.php(838): CodeIgniter\Model->doInsert([...])
 7 SYSTEMPATH\Model.php(797): CodeIgniter\BaseModel->insert([...], true)
 8 APPPATH\Controllers\Cart.php(29): CodeIgniter\Model->insert([...], true)
 9 APPPATH\Controllers\Cart.php(42): App\Controllers\Cart->getUserCartId()
10 SYSTEMPATH\CodeIgniter.php(933): App\Controllers\Cart->index()
11 SYSTEMPATH\CodeIgniter.php(507): CodeIgniter\CodeIgniter->runController(Object(App\Controllers\Cart))
12 SYSTEMPATH\CodeIgniter.php(354): CodeIgniter\CodeIgniter->handleRequest(null, Object(Config\Cache), false)
13 SYSTEMPATH\Boot.php(363): CodeIgniter\CodeIgniter->run()
14 SYSTEMPATH\Boot.php(68): CodeIgniter\Boot::runCodeIgniter(Object(CodeIgniter\CodeIgniter))
15 FCPATH\index.php(59): CodeIgniter\Boot::bootWeb(Object(Config\Paths))
16 SYSTEMPATH\rewrite.php(44): require_once('C:\\xampp\\htdocs\\nyobaUAS\\public\\index.php')
DEBUG - 2025-11-26 02:25:41 --> Session: Class initialized using 'CodeIgniter\Session\Handlers\FileHandler' driver.
ERROR - 2025-11-26 02:25:41 --> mysqli_sql_exception: Column 'user_id' cannot be null in C:\xampp\htdocs\nyobaUAS\system\Database\MySQLi\Connection.php:327
Stack trace:
#0 C:\xampp\htdocs\nyobaUAS\system\Database\MySQLi\Connection.php(327): mysqli->query('INSERT INTO `ca...', 0)
#1 C:\xampp\htdocs\nyobaUAS\system\Database\BaseConnection.php(729): CodeIgniter\Database\MySQLi\Connection->execute('INSERT INTO `ca...')
#2 C:\xampp\htdocs\nyobaUAS\system\Database\BaseConnection.php(646): CodeIgniter\Database\BaseConnection->simpleQuery('INSERT INTO `ca...')
#3 C:\xampp\htdocs\nyobaUAS\system\Database\BaseBuilder.php(2345): CodeIgniter\Database\BaseConnection->query('INSERT INTO `ca...', Array, false)
#4 C:\xampp\htdocs\nyobaUAS\system\Model.php(394): CodeIgniter\Database\BaseBuilder->insert()
#5 C:\xampp\htdocs\nyobaUAS\system\BaseModel.php(838): CodeIgniter\Model->doInsert(Array)
#6 C:\xampp\htdocs\nyobaUAS\system\Model.php(797): CodeIgniter\BaseModel->insert(Array, true)
#7 C:\xampp\htdocs\nyobaUAS\app\Controllers\Cart.php(29): CodeIgniter\Model->insert(Array, true)
#8 C:\xampp\htdocs\nyobaUAS\app\Controllers\Cart.php(86): App\Controllers\Cart->getUserCartId()
#9 C:\xampp\htdocs\nyobaUAS\system\CodeIgniter.php(933): App\Controllers\Cart->add('5')
#10 C:\xampp\htdocs\nyobaUAS\system\CodeIgniter.php(507): CodeIgniter\CodeIgniter->runController(Object(App\Controllers\Cart))
#11 C:\xampp\htdocs\nyobaUAS\system\CodeIgniter.php(354): CodeIgniter\CodeIgniter->handleRequest(NULL, Object(Config\Cache), false)
#12 C:\xampp\htdocs\nyobaUAS\system\Boot.php(363): CodeIgniter\CodeIgniter->run()
#13 C:\xampp\htdocs\nyobaUAS\system\Boot.php(68): CodeIgniter\Boot::runCodeIgniter(Object(CodeIgniter\CodeIgniter))
#14 C:\xampp\htdocs\nyobaUAS\public\index.php(59): CodeIgniter\Boot::bootWeb(Object(Config\Paths))
#15 C:\xampp\htdocs\nyobaUAS\system\rewrite.php(44): require_once('C:\\xampp\\htdocs...')
#16 {main}
CRITICAL - 2025-11-26 02:25:41 --> CodeIgniter\Database\Exceptions\DatabaseException: Column 'user_id' cannot be null
[Method: GET, Route: cart/add/5]
in SYSTEMPATH\Database\BaseConnection.php on line 684.
 1 SYSTEMPATH\Database\BaseBuilder.php(2345): CodeIgniter\Database\BaseConnection->query('INSERT INTO `cart` (`user_id`, `created_at`, `updated_at`) VALUES (:user_id:, :created_at:, :updated_at:)', [...], false)
 2 SYSTEMPATH\Model.php(394): CodeIgniter\Database\BaseBuilder->insert()
 3 SYSTEMPATH\BaseModel.php(838): CodeIgniter\Model->doInsert([...])
 4 SYSTEMPATH\Model.php(797): CodeIgniter\BaseModel->insert([...], true)
 5 APPPATH\Controllers\Cart.php(29): CodeIgniter\Model->insert([...], true)
 6 APPPATH\Controllers\Cart.php(86): App\Controllers\Cart->getUserCartId()
 7 SYSTEMPATH\CodeIgniter.php(933): App\Controllers\Cart->add('5')
 8 SYSTEMPATH\CodeIgniter.php(507): CodeIgniter\CodeIgniter->runController(Object(App\Controllers\Cart))
 9 SYSTEMPATH\CodeIgniter.php(354): CodeIgniter\CodeIgniter->handleRequest(null, Object(Config\Cache), false)
10 SYSTEMPATH\Boot.php(363): CodeIgniter\CodeIgniter->run()
11 SYSTEMPATH\Boot.php(68): CodeIgniter\Boot::runCodeIgniter(Object(CodeIgniter\CodeIgniter))
12 FCPATH\index.php(59): CodeIgniter\Boot::bootWeb(Object(Config\Paths))
13 SYSTEMPATH\rewrite.php(44): require_once('C:\\xampp\\htdocs\\nyobaUAS\\public\\index.php')
CRITICAL - 2025-11-26 02:25:41 --> [Caused by] CodeIgniter\Database\Exceptions\DatabaseException: Column 'user_id' cannot be null
in SYSTEMPATH\Database\MySQLi\Connection.php on line 332.
 1 SYSTEMPATH\Database\BaseConnection.php(729): CodeIgniter\Database\MySQLi\Connection->execute('INSERT INTO `cart` (`user_id`, `created_at`, `updated_at`) VALUES (NULL, \'2025-11-26 02:25:41\', \'2025-11-26 02:25:41\')')
 2 SYSTEMPATH\Database\BaseConnection.php(646): CodeIgniter\Database\BaseConnection->simpleQuery('INSERT INTO `cart` (`user_id`, `created_at`, `updated_at`) VALUES (NULL, \'2025-11-26 02:25:41\', \'2025-11-26 02:25:41\')')
 3 SYSTEMPATH\Database\BaseBuilder.php(2345): CodeIgniter\Database\BaseConnection->query('INSERT INTO `cart` (`user_id`, `created_at`, `updated_at`) VALUES (:user_id:, :created_at:, :updated_at:)', [...], false)
 4 SYSTEMPATH\Model.php(394): CodeIgniter\Database\BaseBuilder->insert()
 5 SYSTEMPATH\BaseModel.php(838): CodeIgniter\Model->doInsert([...])
 6 SYSTEMPATH\Model.php(797): CodeIgniter\BaseModel->insert([...], true)
 7 APPPATH\Controllers\Cart.php(29): CodeIgniter\Model->insert([...], true)
 8 APPPATH\Controllers\Cart.php(86): App\Controllers\Cart->getUserCartId()
 9 SYSTEMPATH\CodeIgniter.php(933): App\Controllers\Cart->add('5')
10 SYSTEMPATH\CodeIgniter.php(507): CodeIgniter\CodeIgniter->runController(Object(App\Controllers\Cart))
11 SYSTEMPATH\CodeIgniter.php(354): CodeIgniter\CodeIgniter->handleRequest(null, Object(Config\Cache), false)
12 SYSTEMPATH\Boot.php(363): CodeIgniter\CodeIgniter->run()
13 SYSTEMPATH\Boot.php(68): CodeIgniter\Boot::runCodeIgniter(Object(CodeIgniter\CodeIgniter))
14 FCPATH\index.php(59): CodeIgniter\Boot::bootWeb(Object(Config\Paths))
15 SYSTEMPATH\rewrite.php(44): require_once('C:\\xampp\\htdocs\\nyobaUAS\\public\\index.php')
CRITICAL - 2025-11-26 02:25:41 --> [Caused by] mysqli_sql_exception: Column 'user_id' cannot be null
in SYSTEMPATH\Database\MySQLi\Connection.php on line 327.
 1 SYSTEMPATH\Database\MySQLi\Connection.php(327): mysqli->query('INSERT INTO `cart` (`user_id`, `created_at`, `updated_at`) VALUES (NULL, \'2025-11-26 02:25:41\', \'2025-11-26 02:25:41\')', 0)
 2 SYSTEMPATH\Database\BaseConnection.php(729): CodeIgniter\Database\MySQLi\Connection->execute('INSERT INTO `cart` (`user_id`, `created_at`, `updated_at`) VALUES (NULL, \'2025-11-26 02:25:41\', \'2025-11-26 02:25:41\')')
 3 SYSTEMPATH\Database\BaseConnection.php(646): CodeIgniter\Database\BaseConnection->simpleQuery('INSERT INTO `cart` (`user_id`, `created_at`, `updated_at`) VALUES (NULL, \'2025-11-26 02:25:41\', \'2025-11-26 02:25:41\')')
 4 SYSTEMPATH\Database\BaseBuilder.php(2345): CodeIgniter\Database\BaseConnection->query('INSERT INTO `cart` (`user_id`, `created_at`, `updated_at`) VALUES (:user_id:, :created_at:, :updated_at:)', [...], false)
 5 SYSTEMPATH\Model.php(394): CodeIgniter\Database\BaseBuilder->insert()
 6 SYSTEMPATH\BaseModel.php(838): CodeIgniter\Model->doInsert([...])
 7 SYSTEMPATH\Model.php(797): CodeIgniter\BaseModel->insert([...], true)
 8 APPPATH\Controllers\Cart.php(29): CodeIgniter\Model->insert([...], true)
 9 APPPATH\Controllers\Cart.php(86): App\Controllers\Cart->getUserCartId()
10 SYSTEMPATH\CodeIgniter.php(933): App\Controllers\Cart->add('5')
11 SYSTEMPATH\CodeIgniter.php(507): CodeIgniter\CodeIgniter->runController(Object(App\Controllers\Cart))
12 SYSTEMPATH\CodeIgniter.php(354): CodeIgniter\CodeIgniter->handleRequest(null, Object(Config\Cache), false)
13 SYSTEMPATH\Boot.php(363): CodeIgniter\CodeIgniter->run()
14 SYSTEMPATH\Boot.php(68): CodeIgniter\Boot::runCodeIgniter(Object(CodeIgniter\CodeIgniter))
15 FCPATH\index.php(59): CodeIgniter\Boot::bootWeb(Object(Config\Paths))
16 SYSTEMPATH\rewrite.php(44): require_once('C:\\xampp\\htdocs\\nyobaUAS\\public\\index.php')
DEBUG - 2025-11-26 02:28:56 --> Session: Class initialized using 'CodeIgniter\Session\Handlers\FileHandler' driver.
ERROR - 2025-11-26 02:28:56 --> mysqli_sql_exception: Column 'user_id' cannot be null in C:\xampp\htdocs\nyobaUAS\system\Database\MySQLi\Connection.php:327
Stack trace:
#0 C:\xampp\htdocs\nyobaUAS\system\Database\MySQLi\Connection.php(327): mysqli->query('INSERT INTO `ca...', 0)
#1 C:\xampp\htdocs\nyobaUAS\system\Database\BaseConnection.php(729): CodeIgniter\Database\MySQLi\Connection->execute('INSERT INTO `ca...')
#2 C:\xampp\htdocs\nyobaUAS\system\Database\BaseConnection.php(646): CodeIgniter\Database\BaseConnection->simpleQuery('INSERT INTO `ca...')
#3 C:\xampp\htdocs\nyobaUAS\system\Database\BaseBuilder.php(2345): CodeIgniter\Database\BaseConnection->query('INSERT INTO `ca...', Array, false)
#4 C:\xampp\htdocs\nyobaUAS\system\Model.php(394): CodeIgniter\Database\BaseBuilder->insert()
#5 C:\xampp\htdocs\nyobaUAS\system\BaseModel.php(838): CodeIgniter\Model->doInsert(Array)
#6 C:\xampp\htdocs\nyobaUAS\system\Model.php(797): CodeIgniter\BaseModel->insert(Array, true)
#7 C:\xampp\htdocs\nyobaUAS\app\Controllers\Cart.php(29): CodeIgniter\Model->insert(Array, true)
#8 C:\xampp\htdocs\nyobaUAS\app\Controllers\Cart.php(86): App\Controllers\Cart->getUserCartId()
#9 C:\xampp\htdocs\nyobaUAS\system\CodeIgniter.php(933): App\Controllers\Cart->add('5')
#10 C:\xampp\htdocs\nyobaUAS\system\CodeIgniter.php(507): CodeIgniter\CodeIgniter->runController(Object(App\Controllers\Cart))
#11 C:\xampp\htdocs\nyobaUAS\system\CodeIgniter.php(354): CodeIgniter\CodeIgniter->handleRequest(NULL, Object(Config\Cache), false)
#12 C:\xampp\htdocs\nyobaUAS\system\Boot.php(363): CodeIgniter\CodeIgniter->run()
#13 C:\xampp\htdocs\nyobaUAS\system\Boot.php(68): CodeIgniter\Boot::runCodeIgniter(Object(CodeIgniter\CodeIgniter))
#14 C:\xampp\htdocs\nyobaUAS\public\index.php(59): CodeIgniter\Boot::bootWeb(Object(Config\Paths))
#15 C:\xampp\htdocs\nyobaUAS\system\rewrite.php(44): require_once('C:\\xampp\\htdocs...')
#16 {main}
CRITICAL - 2025-11-26 02:28:56 --> CodeIgniter\Database\Exceptions\DatabaseException: Column 'user_id' cannot be null
[Method: GET, Route: cart/add/5]
in SYSTEMPATH\Database\BaseConnection.php on line 684.
 1 SYSTEMPATH\Database\BaseBuilder.php(2345): CodeIgniter\Database\BaseConnection->query('INSERT INTO `cart` (`user_id`, `created_at`, `updated_at`) VALUES (:user_id:, :created_at:, :updated_at:)', [...], false)
 2 SYSTEMPATH\Model.php(394): CodeIgniter\Database\BaseBuilder->insert()
 3 SYSTEMPATH\BaseModel.php(838): CodeIgniter\Model->doInsert([...])
 4 SYSTEMPATH\Model.php(797): CodeIgniter\BaseModel->insert([...], true)
 5 APPPATH\Controllers\Cart.php(29): CodeIgniter\Model->insert([...], true)
 6 APPPATH\Controllers\Cart.php(86): App\Controllers\Cart->getUserCartId()
 7 SYSTEMPATH\CodeIgniter.php(933): App\Controllers\Cart->add('5')
 8 SYSTEMPATH\CodeIgniter.php(507): CodeIgniter\CodeIgniter->runController(Object(App\Controllers\Cart))
 9 SYSTEMPATH\CodeIgniter.php(354): CodeIgniter\CodeIgniter->handleRequest(null, Object(Config\Cache), false)
10 SYSTEMPATH\Boot.php(363): CodeIgniter\CodeIgniter->run()
11 SYSTEMPATH\Boot.php(68): CodeIgniter\Boot::runCodeIgniter(Object(CodeIgniter\CodeIgniter))
12 FCPATH\index.php(59): CodeIgniter\Boot::bootWeb(Object(Config\Paths))
13 SYSTEMPATH\rewrite.php(44): require_once('C:\\xampp\\htdocs\\nyobaUAS\\public\\index.php')
CRITICAL - 2025-11-26 02:28:57 --> [Caused by] CodeIgniter\Database\Exceptions\DatabaseException: Column 'user_id' cannot be null
in SYSTEMPATH\Database\MySQLi\Connection.php on line 332.
 1 SYSTEMPATH\Database\BaseConnection.php(729): CodeIgniter\Database\MySQLi\Connection->execute('INSERT INTO `cart` (`user_id`, `created_at`, `updated_at`) VALUES (NULL, \'2025-11-26 02:28:56\', \'2025-11-26 02:28:56\')')
 2 SYSTEMPATH\Database\BaseConnection.php(646): CodeIgniter\Database\BaseConnection->simpleQuery('INSERT INTO `cart` (`user_id`, `created_at`, `updated_at`) VALUES (NULL, \'2025-11-26 02:28:56\', \'2025-11-26 02:28:56\')')
 3 SYSTEMPATH\Database\BaseBuilder.php(2345): CodeIgniter\Database\BaseConnection->query('INSERT INTO `cart` (`user_id`, `created_at`, `updated_at`) VALUES (:user_id:, :created_at:, :updated_at:)', [...], false)
 4 SYSTEMPATH\Model.php(394): CodeIgniter\Database\BaseBuilder->insert()
 5 SYSTEMPATH\BaseModel.php(838): CodeIgniter\Model->doInsert([...])
 6 SYSTEMPATH\Model.php(797): CodeIgniter\BaseModel->insert([...], true)
 7 APPPATH\Controllers\Cart.php(29): CodeIgniter\Model->insert([...], true)
 8 APPPATH\Controllers\Cart.php(86): App\Controllers\Cart->getUserCartId()
 9 SYSTEMPATH\CodeIgniter.php(933): App\Controllers\Cart->add('5')
10 SYSTEMPATH\CodeIgniter.php(507): CodeIgniter\CodeIgniter->runController(Object(App\Controllers\Cart))
11 SYSTEMPATH\CodeIgniter.php(354): CodeIgniter\CodeIgniter->handleRequest(null, Object(Config\Cache), false)
12 SYSTEMPATH\Boot.php(363): CodeIgniter\CodeIgniter->run()
13 SYSTEMPATH\Boot.php(68): CodeIgniter\Boot::runCodeIgniter(Object(CodeIgniter\CodeIgniter))
14 FCPATH\index.php(59): CodeIgniter\Boot::bootWeb(Object(Config\Paths))
15 SYSTEMPATH\rewrite.php(44): require_once('C:\\xampp\\htdocs\\nyobaUAS\\public\\index.php')
CRITICAL - 2025-11-26 02:28:57 --> [Caused by] mysqli_sql_exception: Column 'user_id' cannot be null
in SYSTEMPATH\Database\MySQLi\Connection.php on line 327.
 1 SYSTEMPATH\Database\MySQLi\Connection.php(327): mysqli->query('INSERT INTO `cart` (`user_id`, `created_at`, `updated_at`) VALUES (NULL, \'2025-11-26 02:28:56\', \'2025-11-26 02:28:56\')', 0)
 2 SYSTEMPATH\Database\BaseConnection.php(729): CodeIgniter\Database\MySQLi\Connection->execute('INSERT INTO `cart` (`user_id`, `created_at`, `updated_at`) VALUES (NULL, \'2025-11-26 02:28:56\', \'2025-11-26 02:28:56\')')
 3 SYSTEMPATH\Database\BaseConnection.php(646): CodeIgniter\Database\BaseConnection->simpleQuery('INSERT INTO `cart` (`user_id`, `created_at`, `updated_at`) VALUES (NULL, \'2025-11-26 02:28:56\', \'2025-11-26 02:28:56\')')
 4 SYSTEMPATH\Database\BaseBuilder.php(2345): CodeIgniter\Database\BaseConnection->query('INSERT INTO `cart` (`user_id`, `created_at`, `updated_at`) VALUES (:user_id:, :created_at:, :updated_at:)', [...], false)
 5 SYSTEMPATH\Model.php(394): CodeIgniter\Database\BaseBuilder->insert()
 6 SYSTEMPATH\BaseModel.php(838): CodeIgniter\Model->doInsert([...])
 7 SYSTEMPATH\Model.php(797): CodeIgniter\BaseModel->insert([...], true)
 8 APPPATH\Controllers\Cart.php(29): CodeIgniter\Model->insert([...], true)
 9 APPPATH\Controllers\Cart.php(86): App\Controllers\Cart->getUserCartId()
10 SYSTEMPATH\CodeIgniter.php(933): App\Controllers\Cart->add('5')
11 SYSTEMPATH\CodeIgniter.php(507): CodeIgniter\CodeIgniter->runController(Object(App\Controllers\Cart))
12 SYSTEMPATH\CodeIgniter.php(354): CodeIgniter\CodeIgniter->handleRequest(null, Object(Config\Cache), false)
13 SYSTEMPATH\Boot.php(363): CodeIgniter\CodeIgniter->run()
14 SYSTEMPATH\Boot.php(68): CodeIgniter\Boot::runCodeIgniter(Object(CodeIgniter\CodeIgniter))
15 FCPATH\index.php(59): CodeIgniter\Boot::bootWeb(Object(Config\Paths))
16 SYSTEMPATH\rewrite.php(44): require_once('C:\\xampp\\htdocs\\nyobaUAS\\public\\index.php')
DEBUG - 2025-11-26 02:31:24 --> Session: Class initialized using 'CodeIgniter\Session\Handlers\FileHandler' driver.
DEBUG - 2025-11-26 02:31:45 --> Session: Class initialized using 'CodeIgniter\Session\Handlers\FileHandler' driver.
DEBUG - 2025-11-26 02:33:54 --> Session: Class initialized using 'CodeIgniter\Session\Handlers\FileHandler' driver.
DEBUG - 2025-11-26 02:39:21 --> Session: Class initialized using 'CodeIgniter\Session\Handlers\FileHandler' driver.
DEBUG - 2025-11-26 02:39:36 --> Session: Class initialized using 'CodeIgniter\Session\Handlers\FileHandler' driver.
DEBUG - 2025-11-26 02:39:36 --> Session: Class initialized using 'CodeIgniter\Session\Handlers\FileHandler' driver.
DEBUG - 2025-11-26 02:39:55 --> Session: Class initialized using 'CodeIgniter\Session\Handlers\FileHandler' driver.
DEBUG - 2025-11-26 02:39:55 --> Session: Class initialized using 'CodeIgniter\Session\Handlers\FileHandler' driver.
DEBUG - 2025-11-26 02:40:10 --> Session: Class initialized using 'CodeIgniter\Session\Handlers\FileHandler' driver.
DEBUG - 2025-11-26 02:40:10 --> Session: Class initialized using 'CodeIgniter\Session\Handlers\FileHandler' driver.
DEBUG - 2025-11-26 02:41:37 --> Session: Class initialized using 'CodeIgniter\Session\Handlers\FileHandler' driver.
DEBUG - 2025-11-26 02:41:46 --> Session: Class initialized using 'CodeIgniter\Session\Handlers\FileHandler' driver.
DEBUG - 2025-11-26 02:41:46 --> Session: Class initialized using 'CodeIgniter\Session\Handlers\FileHandler' driver.
DEBUG - 2025-11-26 02:42:22 --> Session: Class initialized using 'CodeIgniter\Session\Handlers\FileHandler' driver.
DEBUG - 2025-11-26 02:42:32 --> Session: Class initialized using 'CodeIgniter\Session\Handlers\FileHandler' driver.
DEBUG - 2025-11-26 02:42:32 --> Session: Class initialized using 'CodeIgniter\Session\Handlers\FileHandler' driver.
DEBUG - 2025-11-26 02:42:42 --> Session: Class initialized using 'CodeIgniter\Session\Handlers\FileHandler' driver.
DEBUG - 2025-11-26 02:42:42 --> Session: Class initialized using 'CodeIgniter\Session\Handlers\FileHandler' driver.
DEBUG - 2025-11-26 02:45:48 --> Session: Class initialized using 'CodeIgniter\Session\Handlers\FileHandler' driver.
DEBUG - 2025-11-26 02:45:49 --> Session: Class initialized using 'CodeIgniter\Session\Handlers\FileHandler' driver.
DEBUG - 2025-11-26 02:46:02 --> Session: Class initialized using 'CodeIgniter\Session\Handlers\FileHandler' driver.
DEBUG - 2025-11-26 02:46:02 --> Session: Class initialized using 'CodeIgniter\Session\Handlers\FileHandler' driver.
DEBUG - 2025-11-26 02:46:16 --> Session: Class initialized using 'CodeIgniter\Session\Handlers\FileHandler' driver.
DEBUG - 2025-11-26 02:46:17 --> Session: Class initialized using 'CodeIgniter\Session\Handlers\FileHandler' driver.
DEBUG - 2025-11-26 02:46:25 --> Session: Class initialized using 'CodeIgniter\Session\Handlers\FileHandler' driver.
DEBUG - 2025-11-26 02:46:47 --> Session: Class initialized using 'CodeIgniter\Session\Handlers\FileHandler' driver.
ERROR - 2025-11-26 02:46:47 --> mysqli_sql_exception: Column 'user_id' cannot be null in C:\xampp\htdocs\nyobaUAS\system\Database\MySQLi\Connection.php:327
Stack trace:
#0 C:\xampp\htdocs\nyobaUAS\system\Database\MySQLi\Connection.php(327): mysqli->query('INSERT INTO `ca...', 0)
#1 C:\xampp\htdocs\nyobaUAS\system\Database\BaseConnection.php(729): CodeIgniter\Database\MySQLi\Connection->execute('INSERT INTO `ca...')
#2 C:\xampp\htdocs\nyobaUAS\system\Database\BaseConnection.php(646): CodeIgniter\Database\BaseConnection->simpleQuery('INSERT INTO `ca...')
#3 C:\xampp\htdocs\nyobaUAS\system\Database\BaseBuilder.php(2345): CodeIgniter\Database\BaseConnection->query('INSERT INTO `ca...', Array, false)
#4 C:\xampp\htdocs\nyobaUAS\system\Model.php(394): CodeIgniter\Database\BaseBuilder->insert()
#5 C:\xampp\htdocs\nyobaUAS\system\BaseModel.php(838): CodeIgniter\Model->doInsert(Array)
#6 C:\xampp\htdocs\nyobaUAS\system\Model.php(797): CodeIgniter\BaseModel->insert(Array, true)
#7 C:\xampp\htdocs\nyobaUAS\app\Controllers\Cart.php(29): CodeIgniter\Model->insert(Array, true)
#8 C:\xampp\htdocs\nyobaUAS\app\Controllers\Cart.php(86): App\Controllers\Cart->getUserCartId()
#9 C:\xampp\htdocs\nyobaUAS\system\CodeIgniter.php(933): App\Controllers\Cart->add('5')
#10 C:\xampp\htdocs\nyobaUAS\system\CodeIgniter.php(507): CodeIgniter\CodeIgniter->runController(Object(App\Controllers\Cart))
#11 C:\xampp\htdocs\nyobaUAS\system\CodeIgniter.php(354): CodeIgniter\CodeIgniter->handleRequest(NULL, Object(Config\Cache), false)
#12 C:\xampp\htdocs\nyobaUAS\system\Boot.php(363): CodeIgniter\CodeIgniter->run()
#13 C:\xampp\htdocs\nyobaUAS\system\Boot.php(68): CodeIgniter\Boot::runCodeIgniter(Object(CodeIgniter\CodeIgniter))
#14 C:\xampp\htdocs\nyobaUAS\public\index.php(59): CodeIgniter\Boot::bootWeb(Object(Config\Paths))
#15 C:\xampp\htdocs\nyobaUAS\system\rewrite.php(44): require_once('C:\\xampp\\htdocs...')
#16 {main}
CRITICAL - 2025-11-26 02:46:47 --> CodeIgniter\Database\Exceptions\DatabaseException: Column 'user_id' cannot be null
[Method: GET, Route: cart/add/5]
in SYSTEMPATH\Database\BaseConnection.php on line 684.
 1 SYSTEMPATH\Database\BaseBuilder.php(2345): CodeIgniter\Database\BaseConnection->query('INSERT INTO `cart` (`user_id`, `created_at`, `updated_at`) VALUES (:user_id:, :created_at:, :updated_at:)', [...], false)
 2 SYSTEMPATH\Model.php(394): CodeIgniter\Database\BaseBuilder->insert()
 3 SYSTEMPATH\BaseModel.php(838): CodeIgniter\Model->doInsert([...])
 4 SYSTEMPATH\Model.php(797): CodeIgniter\BaseModel->insert([...], true)
 5 APPPATH\Controllers\Cart.php(29): CodeIgniter\Model->insert([...], true)
 6 APPPATH\Controllers\Cart.php(86): App\Controllers\Cart->getUserCartId()
 7 SYSTEMPATH\CodeIgniter.php(933): App\Controllers\Cart->add('5')
 8 SYSTEMPATH\CodeIgniter.php(507): CodeIgniter\CodeIgniter->runController(Object(App\Controllers\Cart))
 9 SYSTEMPATH\CodeIgniter.php(354): CodeIgniter\CodeIgniter->handleRequest(null, Object(Config\Cache), false)
10 SYSTEMPATH\Boot.php(363): CodeIgniter\CodeIgniter->run()
11 SYSTEMPATH\Boot.php(68): CodeIgniter\Boot::runCodeIgniter(Object(CodeIgniter\CodeIgniter))
12 FCPATH\index.php(59): CodeIgniter\Boot::bootWeb(Object(Config\Paths))
13 SYSTEMPATH\rewrite.php(44): require_once('C:\\xampp\\htdocs\\nyobaUAS\\public\\index.php')
CRITICAL - 2025-11-26 02:46:47 --> [Caused by] CodeIgniter\Database\Exceptions\DatabaseException: Column 'user_id' cannot be null
in SYSTEMPATH\Database\MySQLi\Connection.php on line 332.
 1 SYSTEMPATH\Database\BaseConnection.php(729): CodeIgniter\Database\MySQLi\Connection->execute('INSERT INTO `cart` (`user_id`, `created_at`, `updated_at`) VALUES (NULL, \'2025-11-26 02:46:47\', \'2025-11-26 02:46:47\')')
 2 SYSTEMPATH\Database\BaseConnection.php(646): CodeIgniter\Database\BaseConnection->simpleQuery('INSERT INTO `cart` (`user_id`, `created_at`, `updated_at`) VALUES (NULL, \'2025-11-26 02:46:47\', \'2025-11-26 02:46:47\')')
 3 SYSTEMPATH\Database\BaseBuilder.php(2345): CodeIgniter\Database\BaseConnection->query('INSERT INTO `cart` (`user_id`, `created_at`, `updated_at`) VALUES (:user_id:, :created_at:, :updated_at:)', [...], false)
 4 SYSTEMPATH\Model.php(394): CodeIgniter\Database\BaseBuilder->insert()
 5 SYSTEMPATH\BaseModel.php(838): CodeIgniter\Model->doInsert([...])
 6 SYSTEMPATH\Model.php(797): CodeIgniter\BaseModel->insert([...], true)
 7 APPPATH\Controllers\Cart.php(29): CodeIgniter\Model->insert([...], true)
 8 APPPATH\Controllers\Cart.php(86): App\Controllers\Cart->getUserCartId()
 9 SYSTEMPATH\CodeIgniter.php(933): App\Controllers\Cart->add('5')
10 SYSTEMPATH\CodeIgniter.php(507): CodeIgniter\CodeIgniter->runController(Object(App\Controllers\Cart))
11 SYSTEMPATH\CodeIgniter.php(354): CodeIgniter\CodeIgniter->handleRequest(null, Object(Config\Cache), false)
12 SYSTEMPATH\Boot.php(363): CodeIgniter\CodeIgniter->run()
13 SYSTEMPATH\Boot.php(68): CodeIgniter\Boot::runCodeIgniter(Object(CodeIgniter\CodeIgniter))
14 FCPATH\index.php(59): CodeIgniter\Boot::bootWeb(Object(Config\Paths))
15 SYSTEMPATH\rewrite.php(44): require_once('C:\\xampp\\htdocs\\nyobaUAS\\public\\index.php')
CRITICAL - 2025-11-26 02:46:47 --> [Caused by] mysqli_sql_exception: Column 'user_id' cannot be null
in SYSTEMPATH\Database\MySQLi\Connection.php on line 327.
 1 SYSTEMPATH\Database\MySQLi\Connection.php(327): mysqli->query('INSERT INTO `cart` (`user_id`, `created_at`, `updated_at`) VALUES (NULL, \'2025-11-26 02:46:47\', \'2025-11-26 02:46:47\')', 0)
 2 SYSTEMPATH\Database\BaseConnection.php(729): CodeIgniter\Database\MySQLi\Connection->execute('INSERT INTO `cart` (`user_id`, `created_at`, `updated_at`) VALUES (NULL, \'2025-11-26 02:46:47\', \'2025-11-26 02:46:47\')')
 3 SYSTEMPATH\Database\BaseConnection.php(646): CodeIgniter\Database\BaseConnection->simpleQuery('INSERT INTO `cart` (`user_id`, `created_at`, `updated_at`) VALUES (NULL, \'2025-11-26 02:46:47\', \'2025-11-26 02:46:47\')')
 4 SYSTEMPATH\Database\BaseBuilder.php(2345): CodeIgniter\Database\BaseConnection->query('INSERT INTO `cart` (`user_id`, `created_at`, `updated_at`) VALUES (:user_id:, :created_at:, :updated_at:)', [...], false)
 5 SYSTEMPATH\Model.php(394): CodeIgniter\Database\BaseBuilder->insert()
 6 SYSTEMPATH\BaseModel.php(838): CodeIgniter\Model->doInsert([...])
 7 SYSTEMPATH\Model.php(797): CodeIgniter\BaseModel->insert([...], true)
 8 APPPATH\Controllers\Cart.php(29): CodeIgniter\Model->insert([...], true)
 9 APPPATH\Controllers\Cart.php(86): App\Controllers\Cart->getUserCartId()
10 SYSTEMPATH\CodeIgniter.php(933): App\Controllers\Cart->add('5')
11 SYSTEMPATH\CodeIgniter.php(507): CodeIgniter\CodeIgniter->runController(Object(App\Controllers\Cart))
12 SYSTEMPATH\CodeIgniter.php(354): CodeIgniter\CodeIgniter->handleRequest(null, Object(Config\Cache), false)
13 SYSTEMPATH\Boot.php(363): CodeIgniter\CodeIgniter->run()
14 SYSTEMPATH\Boot.php(68): CodeIgniter\Boot::runCodeIgniter(Object(CodeIgniter\CodeIgniter))
15 FCPATH\index.php(59): CodeIgniter\Boot::bootWeb(Object(Config\Paths))
16 SYSTEMPATH\rewrite.php(44): require_once('C:\\xampp\\htdocs\\nyobaUAS\\public\\index.php')
DEBUG - 2025-11-26 02:49:01 --> Session: Class initialized using 'CodeIgniter\Session\Handlers\FileHandler' driver.
ERROR - 2025-11-26 02:49:01 --> mysqli_sql_exception: Column 'user_id' cannot be null in C:\xampp\htdocs\nyobaUAS\system\Database\MySQLi\Connection.php:327
Stack trace:
#0 C:\xampp\htdocs\nyobaUAS\system\Database\MySQLi\Connection.php(327): mysqli->query('INSERT INTO `ca...', 0)
#1 C:\xampp\htdocs\nyobaUAS\system\Database\BaseConnection.php(729): CodeIgniter\Database\MySQLi\Connection->execute('INSERT INTO `ca...')
#2 C:\xampp\htdocs\nyobaUAS\system\Database\BaseConnection.php(646): CodeIgniter\Database\BaseConnection->simpleQuery('INSERT INTO `ca...')
#3 C:\xampp\htdocs\nyobaUAS\system\Database\BaseBuilder.php(2345): CodeIgniter\Database\BaseConnection->query('INSERT INTO `ca...', Array, false)
#4 C:\xampp\htdocs\nyobaUAS\system\Model.php(394): CodeIgniter\Database\BaseBuilder->insert()
#5 C:\xampp\htdocs\nyobaUAS\system\BaseModel.php(838): CodeIgniter\Model->doInsert(Array)
#6 C:\xampp\htdocs\nyobaUAS\system\Model.php(797): CodeIgniter\BaseModel->insert(Array, true)
#7 C:\xampp\htdocs\nyobaUAS\app\Controllers\Cart.php(29): CodeIgniter\Model->insert(Array, true)
#8 C:\xampp\htdocs\nyobaUAS\app\Controllers\Cart.php(86): App\Controllers\Cart->getUserCartId()
#9 C:\xampp\htdocs\nyobaUAS\system\CodeIgniter.php(933): App\Controllers\Cart->add('5')
#10 C:\xampp\htdocs\nyobaUAS\system\CodeIgniter.php(507): CodeIgniter\CodeIgniter->runController(Object(App\Controllers\Cart))
#11 C:\xampp\htdocs\nyobaUAS\system\CodeIgniter.php(354): CodeIgniter\CodeIgniter->handleRequest(NULL, Object(Config\Cache), false)
#12 C:\xampp\htdocs\nyobaUAS\system\Boot.php(363): CodeIgniter\CodeIgniter->run()
#13 C:\xampp\htdocs\nyobaUAS\system\Boot.php(68): CodeIgniter\Boot::runCodeIgniter(Object(CodeIgniter\CodeIgniter))
#14 C:\xampp\htdocs\nyobaUAS\public\index.php(59): CodeIgniter\Boot::bootWeb(Object(Config\Paths))
#15 C:\xampp\htdocs\nyobaUAS\system\rewrite.php(44): require_once('C:\\xampp\\htdocs...')
#16 {main}
CRITICAL - 2025-11-26 02:49:01 --> CodeIgniter\Database\Exceptions\DatabaseException: Column 'user_id' cannot be null
[Method: GET, Route: cart/add/5]
in SYSTEMPATH\Database\BaseConnection.php on line 684.
 1 SYSTEMPATH\Database\BaseBuilder.php(2345): CodeIgniter\Database\BaseConnection->query('INSERT INTO `cart` (`user_id`, `created_at`, `updated_at`) VALUES (:user_id:, :created_at:, :updated_at:)', [...], false)
 2 SYSTEMPATH\Model.php(394): CodeIgniter\Database\BaseBuilder->insert()
 3 SYSTEMPATH\BaseModel.php(838): CodeIgniter\Model->doInsert([...])
 4 SYSTEMPATH\Model.php(797): CodeIgniter\BaseModel->insert([...], true)
 5 APPPATH\Controllers\Cart.php(29): CodeIgniter\Model->insert([...], true)
 6 APPPATH\Controllers\Cart.php(86): App\Controllers\Cart->getUserCartId()
 7 SYSTEMPATH\CodeIgniter.php(933): App\Controllers\Cart->add('5')
 8 SYSTEMPATH\CodeIgniter.php(507): CodeIgniter\CodeIgniter->runController(Object(App\Controllers\Cart))
 9 SYSTEMPATH\CodeIgniter.php(354): CodeIgniter\CodeIgniter->handleRequest(null, Object(Config\Cache), false)
10 SYSTEMPATH\Boot.php(363): CodeIgniter\CodeIgniter->run()
11 SYSTEMPATH\Boot.php(68): CodeIgniter\Boot::runCodeIgniter(Object(CodeIgniter\CodeIgniter))
12 FCPATH\index.php(59): CodeIgniter\Boot::bootWeb(Object(Config\Paths))
13 SYSTEMPATH\rewrite.php(44): require_once('C:\\xampp\\htdocs\\nyobaUAS\\public\\index.php')
CRITICAL - 2025-11-26 02:49:01 --> [Caused by] CodeIgniter\Database\Exceptions\DatabaseException: Column 'user_id' cannot be null
in SYSTEMPATH\Database\MySQLi\Connection.php on line 332.
 1 SYSTEMPATH\Database\BaseConnection.php(729): CodeIgniter\Database\MySQLi\Connection->execute('INSERT INTO `cart` (`user_id`, `created_at`, `updated_at`) VALUES (NULL, \'2025-11-26 02:49:01\', \'2025-11-26 02:49:01\')')
 2 SYSTEMPATH\Database\BaseConnection.php(646): CodeIgniter\Database\BaseConnection->simpleQuery('INSERT INTO `cart` (`user_id`, `created_at`, `updated_at`) VALUES (NULL, \'2025-11-26 02:49:01\', \'2025-11-26 02:49:01\')')
 3 SYSTEMPATH\Database\BaseBuilder.php(2345): CodeIgniter\Database\BaseConnection->query('INSERT INTO `cart` (`user_id`, `created_at`, `updated_at`) VALUES (:user_id:, :created_at:, :updated_at:)', [...], false)
 4 SYSTEMPATH\Model.php(394): CodeIgniter\Database\BaseBuilder->insert()
 5 SYSTEMPATH\BaseModel.php(838): CodeIgniter\Model->doInsert([...])
 6 SYSTEMPATH\Model.php(797): CodeIgniter\BaseModel->insert([...], true)
 7 APPPATH\Controllers\Cart.php(29): CodeIgniter\Model->insert([...], true)
 8 APPPATH\Controllers\Cart.php(86): App\Controllers\Cart->getUserCartId()
 9 SYSTEMPATH\CodeIgniter.php(933): App\Controllers\Cart->add('5')
10 SYSTEMPATH\CodeIgniter.php(507): CodeIgniter\CodeIgniter->runController(Object(App\Controllers\Cart))
11 SYSTEMPATH\CodeIgniter.php(354): CodeIgniter\CodeIgniter->handleRequest(null, Object(Config\Cache), false)
12 SYSTEMPATH\Boot.php(363): CodeIgniter\CodeIgniter->run()
13 SYSTEMPATH\Boot.php(68): CodeIgniter\Boot::runCodeIgniter(Object(CodeIgniter\CodeIgniter))
14 FCPATH\index.php(59): CodeIgniter\Boot::bootWeb(Object(Config\Paths))
15 SYSTEMPATH\rewrite.php(44): require_once('C:\\xampp\\htdocs\\nyobaUAS\\public\\index.php')
CRITICAL - 2025-11-26 02:49:01 --> [Caused by] mysqli_sql_exception: Column 'user_id' cannot be null
in SYSTEMPATH\Database\MySQLi\Connection.php on line 327.
 1 SYSTEMPATH\Database\MySQLi\Connection.php(327): mysqli->query('INSERT INTO `cart` (`user_id`, `created_at`, `updated_at`) VALUES (NULL, \'2025-11-26 02:49:01\', \'2025-11-26 02:49:01\')', 0)
 2 SYSTEMPATH\Database\BaseConnection.php(729): CodeIgniter\Database\MySQLi\Connection->execute('INSERT INTO `cart` (`user_id`, `created_at`, `updated_at`) VALUES (NULL, \'2025-11-26 02:49:01\', \'2025-11-26 02:49:01\')')
 3 SYSTEMPATH\Database\BaseConnection.php(646): CodeIgniter\Database\BaseConnection->simpleQuery('INSERT INTO `cart` (`user_id`, `created_at`, `updated_at`) VALUES (NULL, \'2025-11-26 02:49:01\', \'2025-11-26 02:49:01\')')
 4 SYSTEMPATH\Database\BaseBuilder.php(2345): CodeIgniter\Database\BaseConnection->query('INSERT INTO `cart` (`user_id`, `created_at`, `updated_at`) VALUES (:user_id:, :created_at:, :updated_at:)', [...], false)
 5 SYSTEMPATH\Model.php(394): CodeIgniter\Database\BaseBuilder->insert()
 6 SYSTEMPATH\BaseModel.php(838): CodeIgniter\Model->doInsert([...])
 7 SYSTEMPATH\Model.php(797): CodeIgniter\BaseModel->insert([...], true)
 8 APPPATH\Controllers\Cart.php(29): CodeIgniter\Model->insert([...], true)
 9 APPPATH\Controllers\Cart.php(86): App\Controllers\Cart->getUserCartId()
10 SYSTEMPATH\CodeIgniter.php(933): App\Controllers\Cart->add('5')
11 SYSTEMPATH\CodeIgniter.php(507): CodeIgniter\CodeIgniter->runController(Object(App\Controllers\Cart))
12 SYSTEMPATH\CodeIgniter.php(354): CodeIgniter\CodeIgniter->handleRequest(null, Object(Config\Cache), false)
13 SYSTEMPATH\Boot.php(363): CodeIgniter\CodeIgniter->run()
14 SYSTEMPATH\Boot.php(68): CodeIgniter\Boot::runCodeIgniter(Object(CodeIgniter\CodeIgniter))
15 FCPATH\index.php(59): CodeIgniter\Boot::bootWeb(Object(Config\Paths))
16 SYSTEMPATH\rewrite.php(44): require_once('C:\\xampp\\htdocs\\nyobaUAS\\public\\index.php')
DEBUG - 2025-11-26 02:49:39 --> Session: Class initialized using 'CodeIgniter\Session\Handlers\FileHandler' driver.
DEBUG - 2025-11-26 02:49:53 --> Session: Class initialized using 'CodeIgniter\Session\Handlers\FileHandler' driver.
DEBUG - 2025-11-26 02:53:37 --> Session: Class initialized using 'CodeIgniter\Session\Handlers\FileHandler' driver.
DEBUG - 2025-11-26 02:53:46 --> Session: Class initialized using 'CodeIgniter\Session\Handlers\FileHandler' driver.
DEBUG - 2025-11-26 02:53:54 --> Session: Class initialized using 'CodeIgniter\Session\Handlers\FileHandler' driver.
DEBUG - 2025-11-26 02:54:34 --> Session: Class initialized using 'CodeIgniter\Session\Handlers\FileHandler' driver.
DEBUG - 2025-11-26 02:54:35 --> Session: Class initialized using 'CodeIgniter\Session\Handlers\FileHandler' driver.
ERROR - 2025-11-26 02:54:35 --> mysqli_sql_exception: Unknown column 'products.main_image' in 'field list' in C:\xampp\htdocs\nyobaUAS\system\Database\MySQLi\Connection.php:327
Stack trace:
#0 C:\xampp\htdocs\nyobaUAS\system\Database\MySQLi\Connection.php(327): mysqli->query('SELECT `cart_it...', 0)
#1 C:\xampp\htdocs\nyobaUAS\system\Database\BaseConnection.php(729): CodeIgniter\Database\MySQLi\Connection->execute('SELECT `cart_it...')
#2 C:\xampp\htdocs\nyobaUAS\system\Database\BaseConnection.php(646): CodeIgniter\Database\BaseConnection->simpleQuery('SELECT `cart_it...')
#3 C:\xampp\htdocs\nyobaUAS\system\Database\BaseBuilder.php(1649): CodeIgniter\Database\BaseConnection->query('SELECT `cart_it...', Array, false)
#4 C:\xampp\htdocs\nyobaUAS\system\Model.php(286): CodeIgniter\Database\BaseBuilder->get()
#5 C:\xampp\htdocs\nyobaUAS\system\BaseModel.php(677): CodeIgniter\Model->doFindAll(0, 0)
#6 C:\xampp\htdocs\nyobaUAS\app\Controllers\Cart.php(48): CodeIgniter\BaseModel->findAll()
#7 C:\xampp\htdocs\nyobaUAS\system\CodeIgniter.php(933): App\Controllers\Cart->index()
#8 C:\xampp\htdocs\nyobaUAS\system\CodeIgniter.php(507): CodeIgniter\CodeIgniter->runController(Object(App\Controllers\Cart))
#9 C:\xampp\htdocs\nyobaUAS\system\CodeIgniter.php(354): CodeIgniter\CodeIgniter->handleRequest(NULL, Object(Config\Cache), false)
#10 C:\xampp\htdocs\nyobaUAS\system\Boot.php(363): CodeIgniter\CodeIgniter->run()
#11 C:\xampp\htdocs\nyobaUAS\system\Boot.php(68): CodeIgniter\Boot::runCodeIgniter(Object(CodeIgniter\CodeIgniter))
#12 C:\xampp\htdocs\nyobaUAS\public\index.php(59): CodeIgniter\Boot::bootWeb(Object(Config\Paths))
#13 C:\xampp\htdocs\nyobaUAS\system\rewrite.php(44): require_once('C:\\xampp\\htdocs...')
#14 {main}
CRITICAL - 2025-11-26 02:54:35 --> CodeIgniter\Database\Exceptions\DatabaseException: Unknown column 'products.main_image' in 'field list'
[Method: GET, Route: cart]
in SYSTEMPATH\Database\BaseConnection.php on line 684.
 1 SYSTEMPATH\Database\BaseBuilder.php(1649): CodeIgniter\Database\BaseConnection->query('SELECT `cart_items`.*, `products`.`name`, `products`.`main_image` as `image`, `products`.`price`
FROM `cart_items`
JOIN `products` ON `products`.`product_id` = `cart_items`.`product_id`
WHERE `cart_id` = :cart_id:', [...], false)
 2 SYSTEMPATH\Model.php(286): CodeIgniter\Database\BaseBuilder->get()
 3 SYSTEMPATH\BaseModel.php(677): CodeIgniter\Model->doFindAll(0, 0)
 4 APPPATH\Controllers\Cart.php(48): CodeIgniter\BaseModel->findAll()
 5 SYSTEMPATH\CodeIgniter.php(933): App\Controllers\Cart->index()
 6 SYSTEMPATH\CodeIgniter.php(507): CodeIgniter\CodeIgniter->runController(Object(App\Controllers\Cart))
 7 SYSTEMPATH\CodeIgniter.php(354): CodeIgniter\CodeIgniter->handleRequest(null, Object(Config\Cache), false)
 8 SYSTEMPATH\Boot.php(363): CodeIgniter\CodeIgniter->run()
 9 SYSTEMPATH\Boot.php(68): CodeIgniter\Boot::runCodeIgniter(Object(CodeIgniter\CodeIgniter))
10 FCPATH\index.php(59): CodeIgniter\Boot::bootWeb(Object(Config\Paths))
11 SYSTEMPATH\rewrite.php(44): require_once('C:\\xampp\\htdocs\\nyobaUAS\\public\\index.php')
CRITICAL - 2025-11-26 02:54:35 --> [Caused by] CodeIgniter\Database\Exceptions\DatabaseException: Unknown column 'products.main_image' in 'field list'
in SYSTEMPATH\Database\MySQLi\Connection.php on line 332.
 1 SYSTEMPATH\Database\BaseConnection.php(729): CodeIgniter\Database\MySQLi\Connection->execute('SELECT `cart_items`.*, `products`.`name`, `products`.`main_image` as `image`, `products`.`price`
FROM `cart_items`
JOIN `products` ON `products`.`product_id` = `cart_items`.`product_id`
WHERE `cart_id` = \'1\'')
 2 SYSTEMPATH\Database\BaseConnection.php(646): CodeIgniter\Database\BaseConnection->simpleQuery('SELECT `cart_items`.*, `products`.`name`, `products`.`main_image` as `image`, `products`.`price`
FROM `cart_items`
JOIN `products` ON `products`.`product_id` = `cart_items`.`product_id`
WHERE `cart_id` = \'1\'')
 3 SYSTEMPATH\Database\BaseBuilder.php(1649): CodeIgniter\Database\BaseConnection->query('SELECT `cart_items`.*, `products`.`name`, `products`.`main_image` as `image`, `products`.`price`
FROM `cart_items`
JOIN `products` ON `products`.`product_id` = `cart_items`.`product_id`
WHERE `cart_id` = :cart_id:', [...], false)
 4 SYSTEMPATH\Model.php(286): CodeIgniter\Database\BaseBuilder->get()
 5 SYSTEMPATH\BaseModel.php(677): CodeIgniter\Model->doFindAll(0, 0)
 6 APPPATH\Controllers\Cart.php(48): CodeIgniter\BaseModel->findAll()
 7 SYSTEMPATH\CodeIgniter.php(933): App\Controllers\Cart->index()
 8 SYSTEMPATH\CodeIgniter.php(507): CodeIgniter\CodeIgniter->runController(Object(App\Controllers\Cart))
 9 SYSTEMPATH\CodeIgniter.php(354): CodeIgniter\CodeIgniter->handleRequest(null, Object(Config\Cache), false)
10 SYSTEMPATH\Boot.php(363): CodeIgniter\CodeIgniter->run()
11 SYSTEMPATH\Boot.php(68): CodeIgniter\Boot::runCodeIgniter(Object(CodeIgniter\CodeIgniter))
12 FCPATH\index.php(59): CodeIgniter\Boot::bootWeb(Object(Config\Paths))
13 SYSTEMPATH\rewrite.php(44): require_once('C:\\xampp\\htdocs\\nyobaUAS\\public\\index.php')
CRITICAL - 2025-11-26 02:54:35 --> [Caused by] mysqli_sql_exception: Unknown column 'products.main_image' in 'field list'
in SYSTEMPATH\Database\MySQLi\Connection.php on line 327.
 1 SYSTEMPATH\Database\MySQLi\Connection.php(327): mysqli->query('SELECT `cart_items`.*, `products`.`name`, `products`.`main_image` as `image`, `products`.`price`
FROM `cart_items`
JOIN `products` ON `products`.`product_id` = `cart_items`.`product_id`
WHERE `cart_id` = \'1\'', 0)
 2 SYSTEMPATH\Database\BaseConnection.php(729): CodeIgniter\Database\MySQLi\Connection->execute('SELECT `cart_items`.*, `products`.`name`, `products`.`main_image` as `image`, `products`.`price`
FROM `cart_items`
JOIN `products` ON `products`.`product_id` = `cart_items`.`product_id`
WHERE `cart_id` = \'1\'')
 3 SYSTEMPATH\Database\BaseConnection.php(646): CodeIgniter\Database\BaseConnection->simpleQuery('SELECT `cart_items`.*, `products`.`name`, `products`.`main_image` as `image`, `products`.`price`
FROM `cart_items`
JOIN `products` ON `products`.`product_id` = `cart_items`.`product_id`
WHERE `cart_id` = \'1\'')
 4 SYSTEMPATH\Database\BaseBuilder.php(1649): CodeIgniter\Database\BaseConnection->query('SELECT `cart_items`.*, `products`.`name`, `products`.`main_image` as `image`, `products`.`price`
FROM `cart_items`
JOIN `products` ON `products`.`product_id` = `cart_items`.`product_id`
WHERE `cart_id` = :cart_id:', [...], false)
 5 SYSTEMPATH\Model.php(286): CodeIgniter\Database\BaseBuilder->get()
 6 SYSTEMPATH\BaseModel.php(677): CodeIgniter\Model->doFindAll(0, 0)
 7 APPPATH\Controllers\Cart.php(48): CodeIgniter\BaseModel->findAll()
 8 SYSTEMPATH\CodeIgniter.php(933): App\Controllers\Cart->index()
 9 SYSTEMPATH\CodeIgniter.php(507): CodeIgniter\CodeIgniter->runController(Object(App\Controllers\Cart))
10 SYSTEMPATH\CodeIgniter.php(354): CodeIgniter\CodeIgniter->handleRequest(null, Object(Config\Cache), false)
11 SYSTEMPATH\Boot.php(363): CodeIgniter\CodeIgniter->run()
12 SYSTEMPATH\Boot.php(68): CodeIgniter\Boot::runCodeIgniter(Object(CodeIgniter\CodeIgniter))
13 FCPATH\index.php(59): CodeIgniter\Boot::bootWeb(Object(Config\Paths))
14 SYSTEMPATH\rewrite.php(44): require_once('C:\\xampp\\htdocs\\nyobaUAS\\public\\index.php')
DEBUG - 2025-11-26 02:54:55 --> Session: Class initialized using 'CodeIgniter\Session\Handlers\FileHandler' driver.
DEBUG - 2025-11-26 02:55:26 --> Session: Class initialized using 'CodeIgniter\Session\Handlers\FileHandler' driver.
DEBUG - 2025-11-26 02:56:09 --> Session: Class initialized using 'CodeIgniter\Session\Handlers\FileHandler' driver.
ERROR - 2025-11-26 02:56:09 --> mysqli_sql_exception: Column 'user_id' cannot be null in C:\xampp\htdocs\nyobaUAS\system\Database\MySQLi\Connection.php:327
Stack trace:
#0 C:\xampp\htdocs\nyobaUAS\system\Database\MySQLi\Connection.php(327): mysqli->query('INSERT INTO `ca...', 0)
#1 C:\xampp\htdocs\nyobaUAS\system\Database\BaseConnection.php(729): CodeIgniter\Database\MySQLi\Connection->execute('INSERT INTO `ca...')
#2 C:\xampp\htdocs\nyobaUAS\system\Database\BaseConnection.php(646): CodeIgniter\Database\BaseConnection->simpleQuery('INSERT INTO `ca...')
#3 C:\xampp\htdocs\nyobaUAS\system\Database\BaseBuilder.php(2345): CodeIgniter\Database\BaseConnection->query('INSERT INTO `ca...', Array, false)
#4 C:\xampp\htdocs\nyobaUAS\system\Model.php(394): CodeIgniter\Database\BaseBuilder->insert()
#5 C:\xampp\htdocs\nyobaUAS\system\BaseModel.php(838): CodeIgniter\Model->doInsert(Array)
#6 C:\xampp\htdocs\nyobaUAS\system\Model.php(797): CodeIgniter\BaseModel->insert(Array, true)
#7 C:\xampp\htdocs\nyobaUAS\app\Controllers\Cart.php(29): CodeIgniter\Model->insert(Array, true)
#8 C:\xampp\htdocs\nyobaUAS\app\Controllers\Cart.php(87): App\Controllers\Cart->getUserCartId()
#9 C:\xampp\htdocs\nyobaUAS\system\CodeIgniter.php(933): App\Controllers\Cart->add('5')
#10 C:\xampp\htdocs\nyobaUAS\system\CodeIgniter.php(507): CodeIgniter\CodeIgniter->runController(Object(App\Controllers\Cart))
#11 C:\xampp\htdocs\nyobaUAS\system\CodeIgniter.php(354): CodeIgniter\CodeIgniter->handleRequest(NULL, Object(Config\Cache), false)
#12 C:\xampp\htdocs\nyobaUAS\system\Boot.php(363): CodeIgniter\CodeIgniter->run()
#13 C:\xampp\htdocs\nyobaUAS\system\Boot.php(68): CodeIgniter\Boot::runCodeIgniter(Object(CodeIgniter\CodeIgniter))
#14 C:\xampp\htdocs\nyobaUAS\public\index.php(59): CodeIgniter\Boot::bootWeb(Object(Config\Paths))
#15 C:\xampp\htdocs\nyobaUAS\system\rewrite.php(44): require_once('C:\\xampp\\htdocs...')
#16 {main}
CRITICAL - 2025-11-26 02:56:09 --> CodeIgniter\Database\Exceptions\DatabaseException: Column 'user_id' cannot be null
[Method: GET, Route: cart/add/5]
in SYSTEMPATH\Database\BaseConnection.php on line 684.
 1 SYSTEMPATH\Database\BaseBuilder.php(2345): CodeIgniter\Database\BaseConnection->query('INSERT INTO `cart` (`user_id`, `created_at`, `updated_at`) VALUES (:user_id:, :created_at:, :updated_at:)', [...], false)
 2 SYSTEMPATH\Model.php(394): CodeIgniter\Database\BaseBuilder->insert()
 3 SYSTEMPATH\BaseModel.php(838): CodeIgniter\Model->doInsert([...])
 4 SYSTEMPATH\Model.php(797): CodeIgniter\BaseModel->insert([...], true)
 5 APPPATH\Controllers\Cart.php(29): CodeIgniter\Model->insert([...], true)
 6 APPPATH\Controllers\Cart.php(87): App\Controllers\Cart->getUserCartId()
 7 SYSTEMPATH\CodeIgniter.php(933): App\Controllers\Cart->add('5')
 8 SYSTEMPATH\CodeIgniter.php(507): CodeIgniter\CodeIgniter->runController(Object(App\Controllers\Cart))
 9 SYSTEMPATH\CodeIgniter.php(354): CodeIgniter\CodeIgniter->handleRequest(null, Object(Config\Cache), false)
10 SYSTEMPATH\Boot.php(363): CodeIgniter\CodeIgniter->run()
11 SYSTEMPATH\Boot.php(68): CodeIgniter\Boot::runCodeIgniter(Object(CodeIgniter\CodeIgniter))
12 FCPATH\index.php(59): CodeIgniter\Boot::bootWeb(Object(Config\Paths))
13 SYSTEMPATH\rewrite.php(44): require_once('C:\\xampp\\htdocs\\nyobaUAS\\public\\index.php')
CRITICAL - 2025-11-26 02:56:09 --> [Caused by] CodeIgniter\Database\Exceptions\DatabaseException: Column 'user_id' cannot be null
in SYSTEMPATH\Database\MySQLi\Connection.php on line 332.
 1 SYSTEMPATH\Database\BaseConnection.php(729): CodeIgniter\Database\MySQLi\Connection->execute('INSERT INTO `cart` (`user_id`, `created_at`, `updated_at`) VALUES (NULL, \'2025-11-26 02:56:09\', \'2025-11-26 02:56:09\')')
 2 SYSTEMPATH\Database\BaseConnection.php(646): CodeIgniter\Database\BaseConnection->simpleQuery('INSERT INTO `cart` (`user_id`, `created_at`, `updated_at`) VALUES (NULL, \'2025-11-26 02:56:09\', \'2025-11-26 02:56:09\')')
 3 SYSTEMPATH\Database\BaseBuilder.php(2345): CodeIgniter\Database\BaseConnection->query('INSERT INTO `cart` (`user_id`, `created_at`, `updated_at`) VALUES (:user_id:, :created_at:, :updated_at:)', [...], false)
 4 SYSTEMPATH\Model.php(394): CodeIgniter\Database\BaseBuilder->insert()
 5 SYSTEMPATH\BaseModel.php(838): CodeIgniter\Model->doInsert([...])
 6 SYSTEMPATH\Model.php(797): CodeIgniter\BaseModel->insert([...], true)
 7 APPPATH\Controllers\Cart.php(29): CodeIgniter\Model->insert([...], true)
 8 APPPATH\Controllers\Cart.php(87): App\Controllers\Cart->getUserCartId()
 9 SYSTEMPATH\CodeIgniter.php(933): App\Controllers\Cart->add('5')
10 SYSTEMPATH\CodeIgniter.php(507): CodeIgniter\CodeIgniter->runController(Object(App\Controllers\Cart))
11 SYSTEMPATH\CodeIgniter.php(354): CodeIgniter\CodeIgniter->handleRequest(null, Object(Config\Cache), false)
12 SYSTEMPATH\Boot.php(363): CodeIgniter\CodeIgniter->run()
13 SYSTEMPATH\Boot.php(68): CodeIgniter\Boot::runCodeIgniter(Object(CodeIgniter\CodeIgniter))
14 FCPATH\index.php(59): CodeIgniter\Boot::bootWeb(Object(Config\Paths))
15 SYSTEMPATH\rewrite.php(44): require_once('C:\\xampp\\htdocs\\nyobaUAS\\public\\index.php')
CRITICAL - 2025-11-26 02:56:09 --> [Caused by] mysqli_sql_exception: Column 'user_id' cannot be null
in SYSTEMPATH\Database\MySQLi\Connection.php on line 327.
 1 SYSTEMPATH\Database\MySQLi\Connection.php(327): mysqli->query('INSERT INTO `cart` (`user_id`, `created_at`, `updated_at`) VALUES (NULL, \'2025-11-26 02:56:09\', \'2025-11-26 02:56:09\')', 0)
 2 SYSTEMPATH\Database\BaseConnection.php(729): CodeIgniter\Database\MySQLi\Connection->execute('INSERT INTO `cart` (`user_id`, `created_at`, `updated_at`) VALUES (NULL, \'2025-11-26 02:56:09\', \'2025-11-26 02:56:09\')')
 3 SYSTEMPATH\Database\BaseConnection.php(646): CodeIgniter\Database\BaseConnection->simpleQuery('INSERT INTO `cart` (`user_id`, `created_at`, `updated_at`) VALUES (NULL, \'2025-11-26 02:56:09\', \'2025-11-26 02:56:09\')')
 4 SYSTEMPATH\Database\BaseBuilder.php(2345): CodeIgniter\Database\BaseConnection->query('INSERT INTO `cart` (`user_id`, `created_at`, `updated_at`) VALUES (:user_id:, :created_at:, :updated_at:)', [...], false)
 5 SYSTEMPATH\Model.php(394): CodeIgniter\Database\BaseBuilder->insert()
 6 SYSTEMPATH\BaseModel.php(838): CodeIgniter\Model->doInsert([...])
 7 SYSTEMPATH\Model.php(797): CodeIgniter\BaseModel->insert([...], true)
 8 APPPATH\Controllers\Cart.php(29): CodeIgniter\Model->insert([...], true)
 9 APPPATH\Controllers\Cart.php(87): App\Controllers\Cart->getUserCartId()
10 SYSTEMPATH\CodeIgniter.php(933): App\Controllers\Cart->add('5')
11 SYSTEMPATH\CodeIgniter.php(507): CodeIgniter\CodeIgniter->runController(Object(App\Controllers\Cart))
12 SYSTEMPATH\CodeIgniter.php(354): CodeIgniter\CodeIgniter->handleRequest(null, Object(Config\Cache), false)
13 SYSTEMPATH\Boot.php(363): CodeIgniter\CodeIgniter->run()
14 SYSTEMPATH\Boot.php(68): CodeIgniter\Boot::runCodeIgniter(Object(CodeIgniter\CodeIgniter))
15 FCPATH\index.php(59): CodeIgniter\Boot::bootWeb(Object(Config\Paths))
16 SYSTEMPATH\rewrite.php(44): require_once('C:\\xampp\\htdocs\\nyobaUAS\\public\\index.php')
DEBUG - 2025-11-26 02:57:08 --> Session: Class initialized using 'CodeIgniter\Session\Handlers\FileHandler' driver.
ERROR - 2025-11-26 02:57:08 --> mysqli_sql_exception: Column 'user_id' cannot be null in C:\xampp\htdocs\nyobaUAS\system\Database\MySQLi\Connection.php:327
Stack trace:
#0 C:\xampp\htdocs\nyobaUAS\system\Database\MySQLi\Connection.php(327): mysqli->query('INSERT INTO `ca...', 0)
#1 C:\xampp\htdocs\nyobaUAS\system\Database\BaseConnection.php(729): CodeIgniter\Database\MySQLi\Connection->execute('INSERT INTO `ca...')
#2 C:\xampp\htdocs\nyobaUAS\system\Database\BaseConnection.php(646): CodeIgniter\Database\BaseConnection->simpleQuery('INSERT INTO `ca...')
#3 C:\xampp\htdocs\nyobaUAS\system\Database\BaseBuilder.php(2345): CodeIgniter\Database\BaseConnection->query('INSERT INTO `ca...', Array, false)
#4 C:\xampp\htdocs\nyobaUAS\system\Model.php(394): CodeIgniter\Database\BaseBuilder->insert()
#5 C:\xampp\htdocs\nyobaUAS\system\BaseModel.php(838): CodeIgniter\Model->doInsert(Array)
#6 C:\xampp\htdocs\nyobaUAS\system\Model.php(797): CodeIgniter\BaseModel->insert(Array, true)
#7 C:\xampp\htdocs\nyobaUAS\app\Controllers\Cart.php(29): CodeIgniter\Model->insert(Array, true)
#8 C:\xampp\htdocs\nyobaUAS\app\Controllers\Cart.php(87): App\Controllers\Cart->getUserCartId()
#9 C:\xampp\htdocs\nyobaUAS\system\CodeIgniter.php(933): App\Controllers\Cart->add('5')
#10 C:\xampp\htdocs\nyobaUAS\system\CodeIgniter.php(507): CodeIgniter\CodeIgniter->runController(Object(App\Controllers\Cart))
#11 C:\xampp\htdocs\nyobaUAS\system\CodeIgniter.php(354): CodeIgniter\CodeIgniter->handleRequest(NULL, Object(Config\Cache), false)
#12 C:\xampp\htdocs\nyobaUAS\system\Boot.php(363): CodeIgniter\CodeIgniter->run()
#13 C:\xampp\htdocs\nyobaUAS\system\Boot.php(68): CodeIgniter\Boot::runCodeIgniter(Object(CodeIgniter\CodeIgniter))
#14 C:\xampp\htdocs\nyobaUAS\public\index.php(59): CodeIgniter\Boot::bootWeb(Object(Config\Paths))
#15 C:\xampp\htdocs\nyobaUAS\system\rewrite.php(44): require_once('C:\\xampp\\htdocs...')
#16 {main}
CRITICAL - 2025-11-26 02:57:08 --> CodeIgniter\Database\Exceptions\DatabaseException: Column 'user_id' cannot be null
[Method: GET, Route: cart/add/5]
in SYSTEMPATH\Database\BaseConnection.php on line 684.
 1 SYSTEMPATH\Database\BaseBuilder.php(2345): CodeIgniter\Database\BaseConnection->query('INSERT INTO `cart` (`user_id`, `created_at`, `updated_at`) VALUES (:user_id:, :created_at:, :updated_at:)', [...], false)
 2 SYSTEMPATH\Model.php(394): CodeIgniter\Database\BaseBuilder->insert()
 3 SYSTEMPATH\BaseModel.php(838): CodeIgniter\Model->doInsert([...])
 4 SYSTEMPATH\Model.php(797): CodeIgniter\BaseModel->insert([...], true)
 5 APPPATH\Controllers\Cart.php(29): CodeIgniter\Model->insert([...], true)
 6 APPPATH\Controllers\Cart.php(87): App\Controllers\Cart->getUserCartId()
 7 SYSTEMPATH\CodeIgniter.php(933): App\Controllers\Cart->add('5')
 8 SYSTEMPATH\CodeIgniter.php(507): CodeIgniter\CodeIgniter->runController(Object(App\Controllers\Cart))
 9 SYSTEMPATH\CodeIgniter.php(354): CodeIgniter\CodeIgniter->handleRequest(null, Object(Config\Cache), false)
10 SYSTEMPATH\Boot.php(363): CodeIgniter\CodeIgniter->run()
11 SYSTEMPATH\Boot.php(68): CodeIgniter\Boot::runCodeIgniter(Object(CodeIgniter\CodeIgniter))
12 FCPATH\index.php(59): CodeIgniter\Boot::bootWeb(Object(Config\Paths))
13 SYSTEMPATH\rewrite.php(44): require_once('C:\\xampp\\htdocs\\nyobaUAS\\public\\index.php')
CRITICAL - 2025-11-26 02:57:08 --> [Caused by] CodeIgniter\Database\Exceptions\DatabaseException: Column 'user_id' cannot be null
in SYSTEMPATH\Database\MySQLi\Connection.php on line 332.
 1 SYSTEMPATH\Database\BaseConnection.php(729): CodeIgniter\Database\MySQLi\Connection->execute('INSERT INTO `cart` (`user_id`, `created_at`, `updated_at`) VALUES (NULL, \'2025-11-26 02:57:08\', \'2025-11-26 02:57:08\')')
 2 SYSTEMPATH\Database\BaseConnection.php(646): CodeIgniter\Database\BaseConnection->simpleQuery('INSERT INTO `cart` (`user_id`, `created_at`, `updated_at`) VALUES (NULL, \'2025-11-26 02:57:08\', \'2025-11-26 02:57:08\')')
 3 SYSTEMPATH\Database\BaseBuilder.php(2345): CodeIgniter\Database\BaseConnection->query('INSERT INTO `cart` (`user_id`, `created_at`, `updated_at`) VALUES (:user_id:, :created_at:, :updated_at:)', [...], false)
 4 SYSTEMPATH\Model.php(394): CodeIgniter\Database\BaseBuilder->insert()
 5 SYSTEMPATH\BaseModel.php(838): CodeIgniter\Model->doInsert([...])
 6 SYSTEMPATH\Model.php(797): CodeIgniter\BaseModel->insert([...], true)
 7 APPPATH\Controllers\Cart.php(29): CodeIgniter\Model->insert([...], true)
 8 APPPATH\Controllers\Cart.php(87): App\Controllers\Cart->getUserCartId()
 9 SYSTEMPATH\CodeIgniter.php(933): App\Controllers\Cart->add('5')
10 SYSTEMPATH\CodeIgniter.php(507): CodeIgniter\CodeIgniter->runController(Object(App\Controllers\Cart))
11 SYSTEMPATH\CodeIgniter.php(354): CodeIgniter\CodeIgniter->handleRequest(null, Object(Config\Cache), false)
12 SYSTEMPATH\Boot.php(363): CodeIgniter\CodeIgniter->run()
13 SYSTEMPATH\Boot.php(68): CodeIgniter\Boot::runCodeIgniter(Object(CodeIgniter\CodeIgniter))
14 FCPATH\index.php(59): CodeIgniter\Boot::bootWeb(Object(Config\Paths))
15 SYSTEMPATH\rewrite.php(44): require_once('C:\\xampp\\htdocs\\nyobaUAS\\public\\index.php')
CRITICAL - 2025-11-26 02:57:08 --> [Caused by] mysqli_sql_exception: Column 'user_id' cannot be null
in SYSTEMPATH\Database\MySQLi\Connection.php on line 327.
 1 SYSTEMPATH\Database\MySQLi\Connection.php(327): mysqli->query('INSERT INTO `cart` (`user_id`, `created_at`, `updated_at`) VALUES (NULL, \'2025-11-26 02:57:08\', \'2025-11-26 02:57:08\')', 0)
 2 SYSTEMPATH\Database\BaseConnection.php(729): CodeIgniter\Database\MySQLi\Connection->execute('INSERT INTO `cart` (`user_id`, `created_at`, `updated_at`) VALUES (NULL, \'2025-11-26 02:57:08\', \'2025-11-26 02:57:08\')')
 3 SYSTEMPATH\Database\BaseConnection.php(646): CodeIgniter\Database\BaseConnection->simpleQuery('INSERT INTO `cart` (`user_id`, `created_at`, `updated_at`) VALUES (NULL, \'2025-11-26 02:57:08\', \'2025-11-26 02:57:08\')')
 4 SYSTEMPATH\Database\BaseBuilder.php(2345): CodeIgniter\Database\BaseConnection->query('INSERT INTO `cart` (`user_id`, `created_at`, `updated_at`) VALUES (:user_id:, :created_at:, :updated_at:)', [...], false)
 5 SYSTEMPATH\Model.php(394): CodeIgniter\Database\BaseBuilder->insert()
 6 SYSTEMPATH\BaseModel.php(838): CodeIgniter\Model->doInsert([...])
 7 SYSTEMPATH\Model.php(797): CodeIgniter\BaseModel->insert([...], true)
 8 APPPATH\Controllers\Cart.php(29): CodeIgniter\Model->insert([...], true)
 9 APPPATH\Controllers\Cart.php(87): App\Controllers\Cart->getUserCartId()
10 SYSTEMPATH\CodeIgniter.php(933): App\Controllers\Cart->add('5')
11 SYSTEMPATH\CodeIgniter.php(507): CodeIgniter\CodeIgniter->runController(Object(App\Controllers\Cart))
12 SYSTEMPATH\CodeIgniter.php(354): CodeIgniter\CodeIgniter->handleRequest(null, Object(Config\Cache), false)
13 SYSTEMPATH\Boot.php(363): CodeIgniter\CodeIgniter->run()
14 SYSTEMPATH\Boot.php(68): CodeIgniter\Boot::runCodeIgniter(Object(CodeIgniter\CodeIgniter))
15 FCPATH\index.php(59): CodeIgniter\Boot::bootWeb(Object(Config\Paths))
16 SYSTEMPATH\rewrite.php(44): require_once('C:\\xampp\\htdocs\\nyobaUAS\\public\\index.php')
DEBUG - 2025-11-26 02:57:30 --> Session: Class initialized using 'CodeIgniter\Session\Handlers\FileHandler' driver.
DEBUG - 2025-11-26 02:57:58 --> Session: Class initialized using 'CodeIgniter\Session\Handlers\FileHandler' driver.
DEBUG - 2025-11-26 02:58:04 --> Session: Class initialized using 'CodeIgniter\Session\Handlers\FileHandler' driver.
DEBUG - 2025-11-26 02:58:17 --> Session: Class initialized using 'CodeIgniter\Session\Handlers\FileHandler' driver.
DEBUG - 2025-11-26 02:58:17 --> Session: Class initialized using 'CodeIgniter\Session\Handlers\FileHandler' driver.
ERROR - 2025-11-26 02:58:17 --> mysqli_sql_exception: Unknown column 'products.main_image' in 'field list' in C:\xampp\htdocs\nyobaUAS\system\Database\MySQLi\Connection.php:327
Stack trace:
#0 C:\xampp\htdocs\nyobaUAS\system\Database\MySQLi\Connection.php(327): mysqli->query('SELECT `cart_it...', 0)
#1 C:\xampp\htdocs\nyobaUAS\system\Database\BaseConnection.php(729): CodeIgniter\Database\MySQLi\Connection->execute('SELECT `cart_it...')
#2 C:\xampp\htdocs\nyobaUAS\system\Database\BaseConnection.php(646): CodeIgniter\Database\BaseConnection->simpleQuery('SELECT `cart_it...')
#3 C:\xampp\htdocs\nyobaUAS\system\Database\BaseBuilder.php(1649): CodeIgniter\Database\BaseConnection->query('SELECT `cart_it...', Array, false)
#4 C:\xampp\htdocs\nyobaUAS\system\Model.php(286): CodeIgniter\Database\BaseBuilder->get()
#5 C:\xampp\htdocs\nyobaUAS\system\BaseModel.php(677): CodeIgniter\Model->doFindAll(0, 0)
#6 C:\xampp\htdocs\nyobaUAS\app\Controllers\Cart.php(48): CodeIgniter\BaseModel->findAll()
#7 C:\xampp\htdocs\nyobaUAS\system\CodeIgniter.php(933): App\Controllers\Cart->index()
#8 C:\xampp\htdocs\nyobaUAS\system\CodeIgniter.php(507): CodeIgniter\CodeIgniter->runController(Object(App\Controllers\Cart))
#9 C:\xampp\htdocs\nyobaUAS\system\CodeIgniter.php(354): CodeIgniter\CodeIgniter->handleRequest(NULL, Object(Config\Cache), false)
#10 C:\xampp\htdocs\nyobaUAS\system\Boot.php(363): CodeIgniter\CodeIgniter->run()
#11 C:\xampp\htdocs\nyobaUAS\system\Boot.php(68): CodeIgniter\Boot::runCodeIgniter(Object(CodeIgniter\CodeIgniter))
#12 C:\xampp\htdocs\nyobaUAS\public\index.php(59): CodeIgniter\Boot::bootWeb(Object(Config\Paths))
#13 C:\xampp\htdocs\nyobaUAS\system\rewrite.php(44): require_once('C:\\xampp\\htdocs...')
#14 {main}
CRITICAL - 2025-11-26 02:58:17 --> CodeIgniter\Database\Exceptions\DatabaseException: Unknown column 'products.main_image' in 'field list'
[Method: GET, Route: cart]
in SYSTEMPATH\Database\BaseConnection.php on line 684.
 1 SYSTEMPATH\Database\BaseBuilder.php(1649): CodeIgniter\Database\BaseConnection->query('SELECT `cart_items`.*, `products`.`name`, `products`.`main_image` as `image`, `products`.`price`
FROM `cart_items`
JOIN `products` ON `products`.`product_id` = `cart_items`.`product_id`
WHERE `cart_id` = :cart_id:', [...], false)
 2 SYSTEMPATH\Model.php(286): CodeIgniter\Database\BaseBuilder->get()
 3 SYSTEMPATH\BaseModel.php(677): CodeIgniter\Model->doFindAll(0, 0)
 4 APPPATH\Controllers\Cart.php(48): CodeIgniter\BaseModel->findAll()
 5 SYSTEMPATH\CodeIgniter.php(933): App\Controllers\Cart->index()
 6 SYSTEMPATH\CodeIgniter.php(507): CodeIgniter\CodeIgniter->runController(Object(App\Controllers\Cart))
 7 SYSTEMPATH\CodeIgniter.php(354): CodeIgniter\CodeIgniter->handleRequest(null, Object(Config\Cache), false)
 8 SYSTEMPATH\Boot.php(363): CodeIgniter\CodeIgniter->run()
 9 SYSTEMPATH\Boot.php(68): CodeIgniter\Boot::runCodeIgniter(Object(CodeIgniter\CodeIgniter))
10 FCPATH\index.php(59): CodeIgniter\Boot::bootWeb(Object(Config\Paths))
11 SYSTEMPATH\rewrite.php(44): require_once('C:\\xampp\\htdocs\\nyobaUAS\\public\\index.php')
CRITICAL - 2025-11-26 02:58:17 --> [Caused by] CodeIgniter\Database\Exceptions\DatabaseException: Unknown column 'products.main_image' in 'field list'
in SYSTEMPATH\Database\MySQLi\Connection.php on line 332.
 1 SYSTEMPATH\Database\BaseConnection.php(729): CodeIgniter\Database\MySQLi\Connection->execute('SELECT `cart_items`.*, `products`.`name`, `products`.`main_image` as `image`, `products`.`price`
FROM `cart_items`
JOIN `products` ON `products`.`product_id` = `cart_items`.`product_id`
WHERE `cart_id` = \'1\'')
 2 SYSTEMPATH\Database\BaseConnection.php(646): CodeIgniter\Database\BaseConnection->simpleQuery('SELECT `cart_items`.*, `products`.`name`, `products`.`main_image` as `image`, `products`.`price`
FROM `cart_items`
JOIN `products` ON `products`.`product_id` = `cart_items`.`product_id`
WHERE `cart_id` = \'1\'')
 3 SYSTEMPATH\Database\BaseBuilder.php(1649): CodeIgniter\Database\BaseConnection->query('SELECT `cart_items`.*, `products`.`name`, `products`.`main_image` as `image`, `products`.`price`
FROM `cart_items`
JOIN `products` ON `products`.`product_id` = `cart_items`.`product_id`
WHERE `cart_id` = :cart_id:', [...], false)
 4 SYSTEMPATH\Model.php(286): CodeIgniter\Database\BaseBuilder->get()
 5 SYSTEMPATH\BaseModel.php(677): CodeIgniter\Model->doFindAll(0, 0)
 6 APPPATH\Controllers\Cart.php(48): CodeIgniter\BaseModel->findAll()
 7 SYSTEMPATH\CodeIgniter.php(933): App\Controllers\Cart->index()
 8 SYSTEMPATH\CodeIgniter.php(507): CodeIgniter\CodeIgniter->runController(Object(App\Controllers\Cart))
 9 SYSTEMPATH\CodeIgniter.php(354): CodeIgniter\CodeIgniter->handleRequest(null, Object(Config\Cache), false)
10 SYSTEMPATH\Boot.php(363): CodeIgniter\CodeIgniter->run()
11 SYSTEMPATH\Boot.php(68): CodeIgniter\Boot::runCodeIgniter(Object(CodeIgniter\CodeIgniter))
12 FCPATH\index.php(59): CodeIgniter\Boot::bootWeb(Object(Config\Paths))
13 SYSTEMPATH\rewrite.php(44): require_once('C:\\xampp\\htdocs\\nyobaUAS\\public\\index.php')
CRITICAL - 2025-11-26 02:58:17 --> [Caused by] mysqli_sql_exception: Unknown column 'products.main_image' in 'field list'
in SYSTEMPATH\Database\MySQLi\Connection.php on line 327.
 1 SYSTEMPATH\Database\MySQLi\Connection.php(327): mysqli->query('SELECT `cart_items`.*, `products`.`name`, `products`.`main_image` as `image`, `products`.`price`
FROM `cart_items`
JOIN `products` ON `products`.`product_id` = `cart_items`.`product_id`
WHERE `cart_id` = \'1\'', 0)
 2 SYSTEMPATH\Database\BaseConnection.php(729): CodeIgniter\Database\MySQLi\Connection->execute('SELECT `cart_items`.*, `products`.`name`, `products`.`main_image` as `image`, `products`.`price`
FROM `cart_items`
JOIN `products` ON `products`.`product_id` = `cart_items`.`product_id`
WHERE `cart_id` = \'1\'')
 3 SYSTEMPATH\Database\BaseConnection.php(646): CodeIgniter\Database\BaseConnection->simpleQuery('SELECT `cart_items`.*, `products`.`name`, `products`.`main_image` as `image`, `products`.`price`
FROM `cart_items`
JOIN `products` ON `products`.`product_id` = `cart_items`.`product_id`
WHERE `cart_id` = \'1\'')
 4 SYSTEMPATH\Database\BaseBuilder.php(1649): CodeIgniter\Database\BaseConnection->query('SELECT `cart_items`.*, `products`.`name`, `products`.`main_image` as `image`, `products`.`price`
FROM `cart_items`
JOIN `products` ON `products`.`product_id` = `cart_items`.`product_id`
WHERE `cart_id` = :cart_id:', [...], false)
 5 SYSTEMPATH\Model.php(286): CodeIgniter\Database\BaseBuilder->get()
 6 SYSTEMPATH\BaseModel.php(677): CodeIgniter\Model->doFindAll(0, 0)
 7 APPPATH\Controllers\Cart.php(48): CodeIgniter\BaseModel->findAll()
 8 SYSTEMPATH\CodeIgniter.php(933): App\Controllers\Cart->index()
 9 SYSTEMPATH\CodeIgniter.php(507): CodeIgniter\CodeIgniter->runController(Object(App\Controllers\Cart))
10 SYSTEMPATH\CodeIgniter.php(354): CodeIgniter\CodeIgniter->handleRequest(null, Object(Config\Cache), false)
11 SYSTEMPATH\Boot.php(363): CodeIgniter\CodeIgniter->run()
12 SYSTEMPATH\Boot.php(68): CodeIgniter\Boot::runCodeIgniter(Object(CodeIgniter\CodeIgniter))
13 FCPATH\index.php(59): CodeIgniter\Boot::bootWeb(Object(Config\Paths))
14 SYSTEMPATH\rewrite.php(44): require_once('C:\\xampp\\htdocs\\nyobaUAS\\public\\index.php')
DEBUG - 2025-11-26 02:58:38 --> Session: Class initialized using 'CodeIgniter\Session\Handlers\FileHandler' driver.
DEBUG - 2025-11-26 02:59:03 --> Session: Class initialized using 'CodeIgniter\Session\Handlers\FileHandler' driver.
ERROR - 2025-11-26 02:59:03 --> mysqli_sql_exception: Unknown column 'products.main_image' in 'field list' in C:\xampp\htdocs\nyobaUAS\system\Database\MySQLi\Connection.php:327
Stack trace:
#0 C:\xampp\htdocs\nyobaUAS\system\Database\MySQLi\Connection.php(327): mysqli->query('SELECT `cart_it...', 0)
#1 C:\xampp\htdocs\nyobaUAS\system\Database\BaseConnection.php(729): CodeIgniter\Database\MySQLi\Connection->execute('SELECT `cart_it...')
#2 C:\xampp\htdocs\nyobaUAS\system\Database\BaseConnection.php(646): CodeIgniter\Database\BaseConnection->simpleQuery('SELECT `cart_it...')
#3 C:\xampp\htdocs\nyobaUAS\system\Database\BaseBuilder.php(1649): CodeIgniter\Database\BaseConnection->query('SELECT `cart_it...', Array, false)
#4 C:\xampp\htdocs\nyobaUAS\system\Model.php(286): CodeIgniter\Database\BaseBuilder->get()
#5 C:\xampp\htdocs\nyobaUAS\system\BaseModel.php(677): CodeIgniter\Model->doFindAll(0, 0)
#6 C:\xampp\htdocs\nyobaUAS\app\Controllers\Cart.php(48): CodeIgniter\BaseModel->findAll()
#7 C:\xampp\htdocs\nyobaUAS\system\CodeIgniter.php(933): App\Controllers\Cart->index()
#8 C:\xampp\htdocs\nyobaUAS\system\CodeIgniter.php(507): CodeIgniter\CodeIgniter->runController(Object(App\Controllers\Cart))
#9 C:\xampp\htdocs\nyobaUAS\system\CodeIgniter.php(354): CodeIgniter\CodeIgniter->handleRequest(NULL, Object(Config\Cache), false)
#10 C:\xampp\htdocs\nyobaUAS\system\Boot.php(363): CodeIgniter\CodeIgniter->run()
#11 C:\xampp\htdocs\nyobaUAS\system\Boot.php(68): CodeIgniter\Boot::runCodeIgniter(Object(CodeIgniter\CodeIgniter))
#12 C:\xampp\htdocs\nyobaUAS\public\index.php(59): CodeIgniter\Boot::bootWeb(Object(Config\Paths))
#13 C:\xampp\htdocs\nyobaUAS\system\rewrite.php(44): require_once('C:\\xampp\\htdocs...')
#14 {main}
CRITICAL - 2025-11-26 02:59:03 --> CodeIgniter\Database\Exceptions\DatabaseException: Unknown column 'products.main_image' in 'field list'
[Method: GET, Route: cart]
in SYSTEMPATH\Database\BaseConnection.php on line 684.
 1 SYSTEMPATH\Database\BaseBuilder.php(1649): CodeIgniter\Database\BaseConnection->query('SELECT `cart_items`.*, `products`.`name`, `products`.`main_image` as `image`, `products`.`price`
FROM `cart_items`
JOIN `products` ON `products`.`product_id` = `cart_items`.`product_id`
WHERE `cart_id` = :cart_id:', [...], false)
 2 SYSTEMPATH\Model.php(286): CodeIgniter\Database\BaseBuilder->get()
 3 SYSTEMPATH\BaseModel.php(677): CodeIgniter\Model->doFindAll(0, 0)
 4 APPPATH\Controllers\Cart.php(48): CodeIgniter\BaseModel->findAll()
 5 SYSTEMPATH\CodeIgniter.php(933): App\Controllers\Cart->index()
 6 SYSTEMPATH\CodeIgniter.php(507): CodeIgniter\CodeIgniter->runController(Object(App\Controllers\Cart))
 7 SYSTEMPATH\CodeIgniter.php(354): CodeIgniter\CodeIgniter->handleRequest(null, Object(Config\Cache), false)
 8 SYSTEMPATH\Boot.php(363): CodeIgniter\CodeIgniter->run()
 9 SYSTEMPATH\Boot.php(68): CodeIgniter\Boot::runCodeIgniter(Object(CodeIgniter\CodeIgniter))
10 FCPATH\index.php(59): CodeIgniter\Boot::bootWeb(Object(Config\Paths))
11 SYSTEMPATH\rewrite.php(44): require_once('C:\\xampp\\htdocs\\nyobaUAS\\public\\index.php')
CRITICAL - 2025-11-26 02:59:03 --> [Caused by] CodeIgniter\Database\Exceptions\DatabaseException: Unknown column 'products.main_image' in 'field list'
in SYSTEMPATH\Database\MySQLi\Connection.php on line 332.
 1 SYSTEMPATH\Database\BaseConnection.php(729): CodeIgniter\Database\MySQLi\Connection->execute('SELECT `cart_items`.*, `products`.`name`, `products`.`main_image` as `image`, `products`.`price`
FROM `cart_items`
JOIN `products` ON `products`.`product_id` = `cart_items`.`product_id`
WHERE `cart_id` = \'1\'')
 2 SYSTEMPATH\Database\BaseConnection.php(646): CodeIgniter\Database\BaseConnection->simpleQuery('SELECT `cart_items`.*, `products`.`name`, `products`.`main_image` as `image`, `products`.`price`
FROM `cart_items`
JOIN `products` ON `products`.`product_id` = `cart_items`.`product_id`
WHERE `cart_id` = \'1\'')
 3 SYSTEMPATH\Database\BaseBuilder.php(1649): CodeIgniter\Database\BaseConnection->query('SELECT `cart_items`.*, `products`.`name`, `products`.`main_image` as `image`, `products`.`price`
FROM `cart_items`
JOIN `products` ON `products`.`product_id` = `cart_items`.`product_id`
WHERE `cart_id` = :cart_id:', [...], false)
 4 SYSTEMPATH\Model.php(286): CodeIgniter\Database\BaseBuilder->get()
 5 SYSTEMPATH\BaseModel.php(677): CodeIgniter\Model->doFindAll(0, 0)
 6 APPPATH\Controllers\Cart.php(48): CodeIgniter\BaseModel->findAll()
 7 SYSTEMPATH\CodeIgniter.php(933): App\Controllers\Cart->index()
 8 SYSTEMPATH\CodeIgniter.php(507): CodeIgniter\CodeIgniter->runController(Object(App\Controllers\Cart))
 9 SYSTEMPATH\CodeIgniter.php(354): CodeIgniter\CodeIgniter->handleRequest(null, Object(Config\Cache), false)
10 SYSTEMPATH\Boot.php(363): CodeIgniter\CodeIgniter->run()
11 SYSTEMPATH\Boot.php(68): CodeIgniter\Boot::runCodeIgniter(Object(CodeIgniter\CodeIgniter))
12 FCPATH\index.php(59): CodeIgniter\Boot::bootWeb(Object(Config\Paths))
13 SYSTEMPATH\rewrite.php(44): require_once('C:\\xampp\\htdocs\\nyobaUAS\\public\\index.php')
CRITICAL - 2025-11-26 02:59:03 --> [Caused by] mysqli_sql_exception: Unknown column 'products.main_image' in 'field list'
in SYSTEMPATH\Database\MySQLi\Connection.php on line 327.
 1 SYSTEMPATH\Database\MySQLi\Connection.php(327): mysqli->query('SELECT `cart_items`.*, `products`.`name`, `products`.`main_image` as `image`, `products`.`price`
FROM `cart_items`
JOIN `products` ON `products`.`product_id` = `cart_items`.`product_id`
WHERE `cart_id` = \'1\'', 0)
 2 SYSTEMPATH\Database\BaseConnection.php(729): CodeIgniter\Database\MySQLi\Connection->execute('SELECT `cart_items`.*, `products`.`name`, `products`.`main_image` as `image`, `products`.`price`
FROM `cart_items`
JOIN `products` ON `products`.`product_id` = `cart_items`.`product_id`
WHERE `cart_id` = \'1\'')
 3 SYSTEMPATH\Database\BaseConnection.php(646): CodeIgniter\Database\BaseConnection->simpleQuery('SELECT `cart_items`.*, `products`.`name`, `products`.`main_image` as `image`, `products`.`price`
FROM `cart_items`
JOIN `products` ON `products`.`product_id` = `cart_items`.`product_id`
WHERE `cart_id` = \'1\'')
 4 SYSTEMPATH\Database\BaseBuilder.php(1649): CodeIgniter\Database\BaseConnection->query('SELECT `cart_items`.*, `products`.`name`, `products`.`main_image` as `image`, `products`.`price`
FROM `cart_items`
JOIN `products` ON `products`.`product_id` = `cart_items`.`product_id`
WHERE `cart_id` = :cart_id:', [...], false)
 5 SYSTEMPATH\Model.php(286): CodeIgniter\Database\BaseBuilder->get()
 6 SYSTEMPATH\BaseModel.php(677): CodeIgniter\Model->doFindAll(0, 0)
 7 APPPATH\Controllers\Cart.php(48): CodeIgniter\BaseModel->findAll()
 8 SYSTEMPATH\CodeIgniter.php(933): App\Controllers\Cart->index()
 9 SYSTEMPATH\CodeIgniter.php(507): CodeIgniter\CodeIgniter->runController(Object(App\Controllers\Cart))
10 SYSTEMPATH\CodeIgniter.php(354): CodeIgniter\CodeIgniter->handleRequest(null, Object(Config\Cache), false)
11 SYSTEMPATH\Boot.php(363): CodeIgniter\CodeIgniter->run()
12 SYSTEMPATH\Boot.php(68): CodeIgniter\Boot::runCodeIgniter(Object(CodeIgniter\CodeIgniter))
13 FCPATH\index.php(59): CodeIgniter\Boot::bootWeb(Object(Config\Paths))
14 SYSTEMPATH\rewrite.php(44): require_once('C:\\xampp\\htdocs\\nyobaUAS\\public\\index.php')
DEBUG - 2025-11-26 02:59:17 --> Session: Class initialized using 'CodeIgniter\Session\Handlers\FileHandler' driver.
DEBUG - 2025-11-26 02:59:27 --> Session: Class initialized using 'CodeIgniter\Session\Handlers\FileHandler' driver.
DEBUG - 2025-11-26 03:00:49 --> Session: Class initialized using 'CodeIgniter\Session\Handlers\FileHandler' driver.
DEBUG - 2025-11-26 03:00:49 --> Session: Class initialized using 'CodeIgniter\Session\Handlers\FileHandler' driver.
ERROR - 2025-11-26 03:00:49 --> mysqli_sql_exception: Unknown column 'products.main_image' in 'field list' in C:\xampp\htdocs\nyobaUAS\system\Database\MySQLi\Connection.php:327
Stack trace:
#0 C:\xampp\htdocs\nyobaUAS\system\Database\MySQLi\Connection.php(327): mysqli->query('SELECT `cart_it...', 0)
#1 C:\xampp\htdocs\nyobaUAS\system\Database\BaseConnection.php(729): CodeIgniter\Database\MySQLi\Connection->execute('SELECT `cart_it...')
#2 C:\xampp\htdocs\nyobaUAS\system\Database\BaseConnection.php(646): CodeIgniter\Database\BaseConnection->simpleQuery('SELECT `cart_it...')
#3 C:\xampp\htdocs\nyobaUAS\system\Database\BaseBuilder.php(1649): CodeIgniter\Database\BaseConnection->query('SELECT `cart_it...', Array, false)
#4 C:\xampp\htdocs\nyobaUAS\system\Model.php(286): CodeIgniter\Database\BaseBuilder->get()
#5 C:\xampp\htdocs\nyobaUAS\system\BaseModel.php(677): CodeIgniter\Model->doFindAll(0, 0)
#6 C:\xampp\htdocs\nyobaUAS\app\Controllers\Cart.php(48): CodeIgniter\BaseModel->findAll()
#7 C:\xampp\htdocs\nyobaUAS\system\CodeIgniter.php(933): App\Controllers\Cart->index()
#8 C:\xampp\htdocs\nyobaUAS\system\CodeIgniter.php(507): CodeIgniter\CodeIgniter->runController(Object(App\Controllers\Cart))
#9 C:\xampp\htdocs\nyobaUAS\system\CodeIgniter.php(354): CodeIgniter\CodeIgniter->handleRequest(NULL, Object(Config\Cache), false)
#10 C:\xampp\htdocs\nyobaUAS\system\Boot.php(363): CodeIgniter\CodeIgniter->run()
#11 C:\xampp\htdocs\nyobaUAS\system\Boot.php(68): CodeIgniter\Boot::runCodeIgniter(Object(CodeIgniter\CodeIgniter))
#12 C:\xampp\htdocs\nyobaUAS\public\index.php(59): CodeIgniter\Boot::bootWeb(Object(Config\Paths))
#13 C:\xampp\htdocs\nyobaUAS\system\rewrite.php(44): require_once('C:\\xampp\\htdocs...')
#14 {main}
CRITICAL - 2025-11-26 03:00:49 --> CodeIgniter\Database\Exceptions\DatabaseException: Unknown column 'products.main_image' in 'field list'
[Method: GET, Route: cart]
in SYSTEMPATH\Database\BaseConnection.php on line 684.
 1 SYSTEMPATH\Database\BaseBuilder.php(1649): CodeIgniter\Database\BaseConnection->query('SELECT `cart_items`.*, `products`.`name`, `products`.`main_image` as `image`, `products`.`price`
FROM `cart_items`
JOIN `products` ON `products`.`product_id` = `cart_items`.`product_id`
WHERE `cart_id` = :cart_id:', [...], false)
 2 SYSTEMPATH\Model.php(286): CodeIgniter\Database\BaseBuilder->get()
 3 SYSTEMPATH\BaseModel.php(677): CodeIgniter\Model->doFindAll(0, 0)
 4 APPPATH\Controllers\Cart.php(48): CodeIgniter\BaseModel->findAll()
 5 SYSTEMPATH\CodeIgniter.php(933): App\Controllers\Cart->index()
 6 SYSTEMPATH\CodeIgniter.php(507): CodeIgniter\CodeIgniter->runController(Object(App\Controllers\Cart))
 7 SYSTEMPATH\CodeIgniter.php(354): CodeIgniter\CodeIgniter->handleRequest(null, Object(Config\Cache), false)
 8 SYSTEMPATH\Boot.php(363): CodeIgniter\CodeIgniter->run()
 9 SYSTEMPATH\Boot.php(68): CodeIgniter\Boot::runCodeIgniter(Object(CodeIgniter\CodeIgniter))
10 FCPATH\index.php(59): CodeIgniter\Boot::bootWeb(Object(Config\Paths))
11 SYSTEMPATH\rewrite.php(44): require_once('C:\\xampp\\htdocs\\nyobaUAS\\public\\index.php')
CRITICAL - 2025-11-26 03:00:49 --> [Caused by] CodeIgniter\Database\Exceptions\DatabaseException: Unknown column 'products.main_image' in 'field list'
in SYSTEMPATH\Database\MySQLi\Connection.php on line 332.
 1 SYSTEMPATH\Database\BaseConnection.php(729): CodeIgniter\Database\MySQLi\Connection->execute('SELECT `cart_items`.*, `products`.`name`, `products`.`main_image` as `image`, `products`.`price`
FROM `cart_items`
JOIN `products` ON `products`.`product_id` = `cart_items`.`product_id`
WHERE `cart_id` = \'1\'')
 2 SYSTEMPATH\Database\BaseConnection.php(646): CodeIgniter\Database\BaseConnection->simpleQuery('SELECT `cart_items`.*, `products`.`name`, `products`.`main_image` as `image`, `products`.`price`
FROM `cart_items`
JOIN `products` ON `products`.`product_id` = `cart_items`.`product_id`
WHERE `cart_id` = \'1\'')
 3 SYSTEMPATH\Database\BaseBuilder.php(1649): CodeIgniter\Database\BaseConnection->query('SELECT `cart_items`.*, `products`.`name`, `products`.`main_image` as `image`, `products`.`price`
FROM `cart_items`
JOIN `products` ON `products`.`product_id` = `cart_items`.`product_id`
WHERE `cart_id` = :cart_id:', [...], false)
 4 SYSTEMPATH\Model.php(286): CodeIgniter\Database\BaseBuilder->get()
 5 SYSTEMPATH\BaseModel.php(677): CodeIgniter\Model->doFindAll(0, 0)
 6 APPPATH\Controllers\Cart.php(48): CodeIgniter\BaseModel->findAll()
 7 SYSTEMPATH\CodeIgniter.php(933): App\Controllers\Cart->index()
 8 SYSTEMPATH\CodeIgniter.php(507): CodeIgniter\CodeIgniter->runController(Object(App\Controllers\Cart))
 9 SYSTEMPATH\CodeIgniter.php(354): CodeIgniter\CodeIgniter->handleRequest(null, Object(Config\Cache), false)
10 SYSTEMPATH\Boot.php(363): CodeIgniter\CodeIgniter->run()
11 SYSTEMPATH\Boot.php(68): CodeIgniter\Boot::runCodeIgniter(Object(CodeIgniter\CodeIgniter))
12 FCPATH\index.php(59): CodeIgniter\Boot::bootWeb(Object(Config\Paths))
13 SYSTEMPATH\rewrite.php(44): require_once('C:\\xampp\\htdocs\\nyobaUAS\\public\\index.php')
CRITICAL - 2025-11-26 03:00:49 --> [Caused by] mysqli_sql_exception: Unknown column 'products.main_image' in 'field list'
in SYSTEMPATH\Database\MySQLi\Connection.php on line 327.
 1 SYSTEMPATH\Database\MySQLi\Connection.php(327): mysqli->query('SELECT `cart_items`.*, `products`.`name`, `products`.`main_image` as `image`, `products`.`price`
FROM `cart_items`
JOIN `products` ON `products`.`product_id` = `cart_items`.`product_id`
WHERE `cart_id` = \'1\'', 0)
 2 SYSTEMPATH\Database\BaseConnection.php(729): CodeIgniter\Database\MySQLi\Connection->execute('SELECT `cart_items`.*, `products`.`name`, `products`.`main_image` as `image`, `products`.`price`
FROM `cart_items`
JOIN `products` ON `products`.`product_id` = `cart_items`.`product_id`
WHERE `cart_id` = \'1\'')
 3 SYSTEMPATH\Database\BaseConnection.php(646): CodeIgniter\Database\BaseConnection->simpleQuery('SELECT `cart_items`.*, `products`.`name`, `products`.`main_image` as `image`, `products`.`price`
FROM `cart_items`
JOIN `products` ON `products`.`product_id` = `cart_items`.`product_id`
WHERE `cart_id` = \'1\'')
 4 SYSTEMPATH\Database\BaseBuilder.php(1649): CodeIgniter\Database\BaseConnection->query('SELECT `cart_items`.*, `products`.`name`, `products`.`main_image` as `image`, `products`.`price`
FROM `cart_items`
JOIN `products` ON `products`.`product_id` = `cart_items`.`product_id`
WHERE `cart_id` = :cart_id:', [...], false)
 5 SYSTEMPATH\Model.php(286): CodeIgniter\Database\BaseBuilder->get()
 6 SYSTEMPATH\BaseModel.php(677): CodeIgniter\Model->doFindAll(0, 0)
 7 APPPATH\Controllers\Cart.php(48): CodeIgniter\BaseModel->findAll()
 8 SYSTEMPATH\CodeIgniter.php(933): App\Controllers\Cart->index()
 9 SYSTEMPATH\CodeIgniter.php(507): CodeIgniter\CodeIgniter->runController(Object(App\Controllers\Cart))
10 SYSTEMPATH\CodeIgniter.php(354): CodeIgniter\CodeIgniter->handleRequest(null, Object(Config\Cache), false)
11 SYSTEMPATH\Boot.php(363): CodeIgniter\CodeIgniter->run()
12 SYSTEMPATH\Boot.php(68): CodeIgniter\Boot::runCodeIgniter(Object(CodeIgniter\CodeIgniter))
13 FCPATH\index.php(59): CodeIgniter\Boot::bootWeb(Object(Config\Paths))
14 SYSTEMPATH\rewrite.php(44): require_once('C:\\xampp\\htdocs\\nyobaUAS\\public\\index.php')
DEBUG - 2025-11-26 03:02:28 --> Session: Class initialized using 'CodeIgniter\Session\Handlers\FileHandler' driver.
ERROR - 2025-11-26 03:02:28 --> mysqli_sql_exception: Unknown column 'products.getImage' in 'field list' in C:\xampp\htdocs\nyobaUAS\system\Database\MySQLi\Connection.php:327
Stack trace:
#0 C:\xampp\htdocs\nyobaUAS\system\Database\MySQLi\Connection.php(327): mysqli->query('SELECT `cart_it...', 0)
#1 C:\xampp\htdocs\nyobaUAS\system\Database\BaseConnection.php(729): CodeIgniter\Database\MySQLi\Connection->execute('SELECT `cart_it...')
#2 C:\xampp\htdocs\nyobaUAS\system\Database\BaseConnection.php(646): CodeIgniter\Database\BaseConnection->simpleQuery('SELECT `cart_it...')
#3 C:\xampp\htdocs\nyobaUAS\system\Database\BaseBuilder.php(1649): CodeIgniter\Database\BaseConnection->query('SELECT `cart_it...', Array, false)
#4 C:\xampp\htdocs\nyobaUAS\system\Model.php(286): CodeIgniter\Database\BaseBuilder->get()
#5 C:\xampp\htdocs\nyobaUAS\system\BaseModel.php(677): CodeIgniter\Model->doFindAll(0, 0)
#6 C:\xampp\htdocs\nyobaUAS\app\Controllers\Cart.php(48): CodeIgniter\BaseModel->findAll()
#7 C:\xampp\htdocs\nyobaUAS\system\CodeIgniter.php(933): App\Controllers\Cart->index()
#8 C:\xampp\htdocs\nyobaUAS\system\CodeIgniter.php(507): CodeIgniter\CodeIgniter->runController(Object(App\Controllers\Cart))
#9 C:\xampp\htdocs\nyobaUAS\system\CodeIgniter.php(354): CodeIgniter\CodeIgniter->handleRequest(NULL, Object(Config\Cache), false)
#10 C:\xampp\htdocs\nyobaUAS\system\Boot.php(363): CodeIgniter\CodeIgniter->run()
#11 C:\xampp\htdocs\nyobaUAS\system\Boot.php(68): CodeIgniter\Boot::runCodeIgniter(Object(CodeIgniter\CodeIgniter))
#12 C:\xampp\htdocs\nyobaUAS\public\index.php(59): CodeIgniter\Boot::bootWeb(Object(Config\Paths))
#13 C:\xampp\htdocs\nyobaUAS\system\rewrite.php(44): require_once('C:\\xampp\\htdocs...')
#14 {main}
CRITICAL - 2025-11-26 03:02:28 --> CodeIgniter\Database\Exceptions\DatabaseException: Unknown column 'products.getImage' in 'field list'
[Method: GET, Route: cart]
in SYSTEMPATH\Database\BaseConnection.php on line 684.
 1 SYSTEMPATH\Database\BaseBuilder.php(1649): CodeIgniter\Database\BaseConnection->query('SELECT `cart_items`.*, `products`.`name`, `products`.`getImage` as `image`, `products`.`price`
FROM `cart_items`
JOIN `products` ON `products`.`product_id` = `cart_items`.`product_id`
WHERE `cart_id` = :cart_id:', [...], false)
 2 SYSTEMPATH\Model.php(286): CodeIgniter\Database\BaseBuilder->get()
 3 SYSTEMPATH\BaseModel.php(677): CodeIgniter\Model->doFindAll(0, 0)
 4 APPPATH\Controllers\Cart.php(48): CodeIgniter\BaseModel->findAll()
 5 SYSTEMPATH\CodeIgniter.php(933): App\Controllers\Cart->index()
 6 SYSTEMPATH\CodeIgniter.php(507): CodeIgniter\CodeIgniter->runController(Object(App\Controllers\Cart))
 7 SYSTEMPATH\CodeIgniter.php(354): CodeIgniter\CodeIgniter->handleRequest(null, Object(Config\Cache), false)
 8 SYSTEMPATH\Boot.php(363): CodeIgniter\CodeIgniter->run()
 9 SYSTEMPATH\Boot.php(68): CodeIgniter\Boot::runCodeIgniter(Object(CodeIgniter\CodeIgniter))
10 FCPATH\index.php(59): CodeIgniter\Boot::bootWeb(Object(Config\Paths))
11 SYSTEMPATH\rewrite.php(44): require_once('C:\\xampp\\htdocs\\nyobaUAS\\public\\index.php')
CRITICAL - 2025-11-26 03:02:28 --> [Caused by] CodeIgniter\Database\Exceptions\DatabaseException: Unknown column 'products.getImage' in 'field list'
in SYSTEMPATH\Database\MySQLi\Connection.php on line 332.
 1 SYSTEMPATH\Database\BaseConnection.php(729): CodeIgniter\Database\MySQLi\Connection->execute('SELECT `cart_items`.*, `products`.`name`, `products`.`getImage` as `image`, `products`.`price`
FROM `cart_items`
JOIN `products` ON `products`.`product_id` = `cart_items`.`product_id`
WHERE `cart_id` = \'1\'')
 2 SYSTEMPATH\Database\BaseConnection.php(646): CodeIgniter\Database\BaseConnection->simpleQuery('SELECT `cart_items`.*, `products`.`name`, `products`.`getImage` as `image`, `products`.`price`
FROM `cart_items`
JOIN `products` ON `products`.`product_id` = `cart_items`.`product_id`
WHERE `cart_id` = \'1\'')
 3 SYSTEMPATH\Database\BaseBuilder.php(1649): CodeIgniter\Database\BaseConnection->query('SELECT `cart_items`.*, `products`.`name`, `products`.`getImage` as `image`, `products`.`price`
FROM `cart_items`
JOIN `products` ON `products`.`product_id` = `cart_items`.`product_id`
WHERE `cart_id` = :cart_id:', [...], false)
 4 SYSTEMPATH\Model.php(286): CodeIgniter\Database\BaseBuilder->get()
 5 SYSTEMPATH\BaseModel.php(677): CodeIgniter\Model->doFindAll(0, 0)
 6 APPPATH\Controllers\Cart.php(48): CodeIgniter\BaseModel->findAll()
 7 SYSTEMPATH\CodeIgniter.php(933): App\Controllers\Cart->index()
 8 SYSTEMPATH\CodeIgniter.php(507): CodeIgniter\CodeIgniter->runController(Object(App\Controllers\Cart))
 9 SYSTEMPATH\CodeIgniter.php(354): CodeIgniter\CodeIgniter->handleRequest(null, Object(Config\Cache), false)
10 SYSTEMPATH\Boot.php(363): CodeIgniter\CodeIgniter->run()
11 SYSTEMPATH\Boot.php(68): CodeIgniter\Boot::runCodeIgniter(Object(CodeIgniter\CodeIgniter))
12 FCPATH\index.php(59): CodeIgniter\Boot::bootWeb(Object(Config\Paths))
13 SYSTEMPATH\rewrite.php(44): require_once('C:\\xampp\\htdocs\\nyobaUAS\\public\\index.php')
CRITICAL - 2025-11-26 03:02:28 --> [Caused by] mysqli_sql_exception: Unknown column 'products.getImage' in 'field list'
in SYSTEMPATH\Database\MySQLi\Connection.php on line 327.
 1 SYSTEMPATH\Database\MySQLi\Connection.php(327): mysqli->query('SELECT `cart_items`.*, `products`.`name`, `products`.`getImage` as `image`, `products`.`price`
FROM `cart_items`
JOIN `products` ON `products`.`product_id` = `cart_items`.`product_id`
WHERE `cart_id` = \'1\'', 0)
 2 SYSTEMPATH\Database\BaseConnection.php(729): CodeIgniter\Database\MySQLi\Connection->execute('SELECT `cart_items`.*, `products`.`name`, `products`.`getImage` as `image`, `products`.`price`
FROM `cart_items`
JOIN `products` ON `products`.`product_id` = `cart_items`.`product_id`
WHERE `cart_id` = \'1\'')
 3 SYSTEMPATH\Database\BaseConnection.php(646): CodeIgniter\Database\BaseConnection->simpleQuery('SELECT `cart_items`.*, `products`.`name`, `products`.`getImage` as `image`, `products`.`price`
FROM `cart_items`
JOIN `products` ON `products`.`product_id` = `cart_items`.`product_id`
WHERE `cart_id` = \'1\'')
 4 SYSTEMPATH\Database\BaseBuilder.php(1649): CodeIgniter\Database\BaseConnection->query('SELECT `cart_items`.*, `products`.`name`, `products`.`getImage` as `image`, `products`.`price`
FROM `cart_items`
JOIN `products` ON `products`.`product_id` = `cart_items`.`product_id`
WHERE `cart_id` = :cart_id:', [...], false)
 5 SYSTEMPATH\Model.php(286): CodeIgniter\Database\BaseBuilder->get()
 6 SYSTEMPATH\BaseModel.php(677): CodeIgniter\Model->doFindAll(0, 0)
 7 APPPATH\Controllers\Cart.php(48): CodeIgniter\BaseModel->findAll()
 8 SYSTEMPATH\CodeIgniter.php(933): App\Controllers\Cart->index()
 9 SYSTEMPATH\CodeIgniter.php(507): CodeIgniter\CodeIgniter->runController(Object(App\Controllers\Cart))
10 SYSTEMPATH\CodeIgniter.php(354): CodeIgniter\CodeIgniter->handleRequest(null, Object(Config\Cache), false)
11 SYSTEMPATH\Boot.php(363): CodeIgniter\CodeIgniter->run()
12 SYSTEMPATH\Boot.php(68): CodeIgniter\Boot::runCodeIgniter(Object(CodeIgniter\CodeIgniter))
13 FCPATH\index.php(59): CodeIgniter\Boot::bootWeb(Object(Config\Paths))
14 SYSTEMPATH\rewrite.php(44): require_once('C:\\xampp\\htdocs\\nyobaUAS\\public\\index.php')
DEBUG - 2025-11-26 03:04:36 --> Session: Class initialized using 'CodeIgniter\Session\Handlers\FileHandler' driver.
ERROR - 2025-11-26 03:04:36 --> mysqli_sql_exception: Unknown column 'products.main_image' in 'field list' in C:\xampp\htdocs\nyobaUAS\system\Database\MySQLi\Connection.php:327
Stack trace:
#0 C:\xampp\htdocs\nyobaUAS\system\Database\MySQLi\Connection.php(327): mysqli->query('SELECT `cart_it...', 0)
#1 C:\xampp\htdocs\nyobaUAS\system\Database\BaseConnection.php(729): CodeIgniter\Database\MySQLi\Connection->execute('SELECT `cart_it...')
#2 C:\xampp\htdocs\nyobaUAS\system\Database\BaseConnection.php(646): CodeIgniter\Database\BaseConnection->simpleQuery('SELECT `cart_it...')
#3 C:\xampp\htdocs\nyobaUAS\system\Database\BaseBuilder.php(1649): CodeIgniter\Database\BaseConnection->query('SELECT `cart_it...', Array, false)
#4 C:\xampp\htdocs\nyobaUAS\system\Model.php(286): CodeIgniter\Database\BaseBuilder->get()
#5 C:\xampp\htdocs\nyobaUAS\system\BaseModel.php(677): CodeIgniter\Model->doFindAll(0, 0)
#6 C:\xampp\htdocs\nyobaUAS\app\Controllers\Cart.php(48): CodeIgniter\BaseModel->findAll()
#7 C:\xampp\htdocs\nyobaUAS\system\CodeIgniter.php(933): App\Controllers\Cart->index()
#8 C:\xampp\htdocs\nyobaUAS\system\CodeIgniter.php(507): CodeIgniter\CodeIgniter->runController(Object(App\Controllers\Cart))
#9 C:\xampp\htdocs\nyobaUAS\system\CodeIgniter.php(354): CodeIgniter\CodeIgniter->handleRequest(NULL, Object(Config\Cache), false)
#10 C:\xampp\htdocs\nyobaUAS\system\Boot.php(363): CodeIgniter\CodeIgniter->run()
#11 C:\xampp\htdocs\nyobaUAS\system\Boot.php(68): CodeIgniter\Boot::runCodeIgniter(Object(CodeIgniter\CodeIgniter))
#12 C:\xampp\htdocs\nyobaUAS\public\index.php(59): CodeIgniter\Boot::bootWeb(Object(Config\Paths))
#13 C:\xampp\htdocs\nyobaUAS\system\rewrite.php(44): require_once('C:\\xampp\\htdocs...')
#14 {main}
CRITICAL - 2025-11-26 03:04:36 --> CodeIgniter\Database\Exceptions\DatabaseException: Unknown column 'products.main_image' in 'field list'
[Method: GET, Route: cart]
in SYSTEMPATH\Database\BaseConnection.php on line 684.
 1 SYSTEMPATH\Database\BaseBuilder.php(1649): CodeIgniter\Database\BaseConnection->query('SELECT `cart_items`.*, `products`.`name`, `products`.`main_image` as `image`, `products`.`price`
FROM `cart_items`
JOIN `products` ON `products`.`product_id` = `cart_items`.`product_id`
WHERE `cart_id` = :cart_id:', [...], false)
 2 SYSTEMPATH\Model.php(286): CodeIgniter\Database\BaseBuilder->get()
 3 SYSTEMPATH\BaseModel.php(677): CodeIgniter\Model->doFindAll(0, 0)
 4 APPPATH\Controllers\Cart.php(48): CodeIgniter\BaseModel->findAll()
 5 SYSTEMPATH\CodeIgniter.php(933): App\Controllers\Cart->index()
 6 SYSTEMPATH\CodeIgniter.php(507): CodeIgniter\CodeIgniter->runController(Object(App\Controllers\Cart))
 7 SYSTEMPATH\CodeIgniter.php(354): CodeIgniter\CodeIgniter->handleRequest(null, Object(Config\Cache), false)
 8 SYSTEMPATH\Boot.php(363): CodeIgniter\CodeIgniter->run()
 9 SYSTEMPATH\Boot.php(68): CodeIgniter\Boot::runCodeIgniter(Object(CodeIgniter\CodeIgniter))
10 FCPATH\index.php(59): CodeIgniter\Boot::bootWeb(Object(Config\Paths))
11 SYSTEMPATH\rewrite.php(44): require_once('C:\\xampp\\htdocs\\nyobaUAS\\public\\index.php')
CRITICAL - 2025-11-26 03:04:36 --> [Caused by] CodeIgniter\Database\Exceptions\DatabaseException: Unknown column 'products.main_image' in 'field list'
in SYSTEMPATH\Database\MySQLi\Connection.php on line 332.
 1 SYSTEMPATH\Database\BaseConnection.php(729): CodeIgniter\Database\MySQLi\Connection->execute('SELECT `cart_items`.*, `products`.`name`, `products`.`main_image` as `image`, `products`.`price`
FROM `cart_items`
JOIN `products` ON `products`.`product_id` = `cart_items`.`product_id`
WHERE `cart_id` = \'1\'')
 2 SYSTEMPATH\Database\BaseConnection.php(646): CodeIgniter\Database\BaseConnection->simpleQuery('SELECT `cart_items`.*, `products`.`name`, `products`.`main_image` as `image`, `products`.`price`
FROM `cart_items`
JOIN `products` ON `products`.`product_id` = `cart_items`.`product_id`
WHERE `cart_id` = \'1\'')
 3 SYSTEMPATH\Database\BaseBuilder.php(1649): CodeIgniter\Database\BaseConnection->query('SELECT `cart_items`.*, `products`.`name`, `products`.`main_image` as `image`, `products`.`price`
FROM `cart_items`
JOIN `products` ON `products`.`product_id` = `cart_items`.`product_id`
WHERE `cart_id` = :cart_id:', [...], false)
 4 SYSTEMPATH\Model.php(286): CodeIgniter\Database\BaseBuilder->get()
 5 SYSTEMPATH\BaseModel.php(677): CodeIgniter\Model->doFindAll(0, 0)
 6 APPPATH\Controllers\Cart.php(48): CodeIgniter\BaseModel->findAll()
 7 SYSTEMPATH\CodeIgniter.php(933): App\Controllers\Cart->index()
 8 SYSTEMPATH\CodeIgniter.php(507): CodeIgniter\CodeIgniter->runController(Object(App\Controllers\Cart))
 9 SYSTEMPATH\CodeIgniter.php(354): CodeIgniter\CodeIgniter->handleRequest(null, Object(Config\Cache), false)
10 SYSTEMPATH\Boot.php(363): CodeIgniter\CodeIgniter->run()
11 SYSTEMPATH\Boot.php(68): CodeIgniter\Boot::runCodeIgniter(Object(CodeIgniter\CodeIgniter))
12 FCPATH\index.php(59): CodeIgniter\Boot::bootWeb(Object(Config\Paths))
13 SYSTEMPATH\rewrite.php(44): require_once('C:\\xampp\\htdocs\\nyobaUAS\\public\\index.php')
CRITICAL - 2025-11-26 03:04:36 --> [Caused by] mysqli_sql_exception: Unknown column 'products.main_image' in 'field list'
in SYSTEMPATH\Database\MySQLi\Connection.php on line 327.
 1 SYSTEMPATH\Database\MySQLi\Connection.php(327): mysqli->query('SELECT `cart_items`.*, `products`.`name`, `products`.`main_image` as `image`, `products`.`price`
FROM `cart_items`
JOIN `products` ON `products`.`product_id` = `cart_items`.`product_id`
WHERE `cart_id` = \'1\'', 0)
 2 SYSTEMPATH\Database\BaseConnection.php(729): CodeIgniter\Database\MySQLi\Connection->execute('SELECT `cart_items`.*, `products`.`name`, `products`.`main_image` as `image`, `products`.`price`
FROM `cart_items`
JOIN `products` ON `products`.`product_id` = `cart_items`.`product_id`
WHERE `cart_id` = \'1\'')
 3 SYSTEMPATH\Database\BaseConnection.php(646): CodeIgniter\Database\BaseConnection->simpleQuery('SELECT `cart_items`.*, `products`.`name`, `products`.`main_image` as `image`, `products`.`price`
FROM `cart_items`
JOIN `products` ON `products`.`product_id` = `cart_items`.`product_id`
WHERE `cart_id` = \'1\'')
 4 SYSTEMPATH\Database\BaseBuilder.php(1649): CodeIgniter\Database\BaseConnection->query('SELECT `cart_items`.*, `products`.`name`, `products`.`main_image` as `image`, `products`.`price`
FROM `cart_items`
JOIN `products` ON `products`.`product_id` = `cart_items`.`product_id`
WHERE `cart_id` = :cart_id:', [...], false)
 5 SYSTEMPATH\Model.php(286): CodeIgniter\Database\BaseBuilder->get()
 6 SYSTEMPATH\BaseModel.php(677): CodeIgniter\Model->doFindAll(0, 0)
 7 APPPATH\Controllers\Cart.php(48): CodeIgniter\BaseModel->findAll()
 8 SYSTEMPATH\CodeIgniter.php(933): App\Controllers\Cart->index()
 9 SYSTEMPATH\CodeIgniter.php(507): CodeIgniter\CodeIgniter->runController(Object(App\Controllers\Cart))
10 SYSTEMPATH\CodeIgniter.php(354): CodeIgniter\CodeIgniter->handleRequest(null, Object(Config\Cache), false)
11 SYSTEMPATH\Boot.php(363): CodeIgniter\CodeIgniter->run()
12 SYSTEMPATH\Boot.php(68): CodeIgniter\Boot::runCodeIgniter(Object(CodeIgniter\CodeIgniter))
13 FCPATH\index.php(59): CodeIgniter\Boot::bootWeb(Object(Config\Paths))
14 SYSTEMPATH\rewrite.php(44): require_once('C:\\xampp\\htdocs\\nyobaUAS\\public\\index.php')
DEBUG - 2025-11-26 03:05:57 --> Session: Class initialized using 'CodeIgniter\Session\Handlers\FileHandler' driver.
CRITICAL - 2025-11-26 03:05:57 --> ErrorException: Undefined array key "id"
[Method: GET, Route: cart]
in APPPATH\Views\Shop\cart.php on line 88.
 1 APPPATH\Views\Shop\cart.php(88): CodeIgniter\Debug\Exceptions->errorHandler(2, 'Undefined array key "id"', 'C:\\xampp\\htdocs\\nyobaUAS\\app\\Views\\Shop\\cart.php', 88)
 2 SYSTEMPATH\View\View.php(226): include('C:\\xampp\\htdocs\\nyobaUAS\\app\\Views\\Shop\\cart.php')
 3 SYSTEMPATH\View\View.php(229): CodeIgniter\View\View->CodeIgniter\View\{closure}()
 4 SYSTEMPATH\Common.php(1167): CodeIgniter\View\View->render('Shop/cart', [], true)
 5 APPPATH\Controllers\Cart.php(68): view('Shop/cart', [...])
 6 SYSTEMPATH\CodeIgniter.php(933): App\Controllers\Cart->index()
 7 SYSTEMPATH\CodeIgniter.php(507): CodeIgniter\CodeIgniter->runController(Object(App\Controllers\Cart))
 8 SYSTEMPATH\CodeIgniter.php(354): CodeIgniter\CodeIgniter->handleRequest(null, Object(Config\Cache), false)
 9 SYSTEMPATH\Boot.php(363): CodeIgniter\CodeIgniter->run()
10 SYSTEMPATH\Boot.php(68): CodeIgniter\Boot::runCodeIgniter(Object(CodeIgniter\CodeIgniter))
11 FCPATH\index.php(59): CodeIgniter\Boot::bootWeb(Object(Config\Paths))
12 SYSTEMPATH\rewrite.php(44): require_once('C:\\xampp\\htdocs\\nyobaUAS\\public\\index.php')
DEBUG - 2025-11-26 03:06:05 --> Session: Class initialized using 'CodeIgniter\Session\Handlers\FileHandler' driver.
DEBUG - 2025-11-26 03:06:05 --> Session: Class initialized using 'CodeIgniter\Session\Handlers\FileHandler' driver.
CRITICAL - 2025-11-26 03:06:05 --> ErrorException: Undefined array key "id"
[Method: GET, Route: cart]
in APPPATH\Views\Shop\cart.php on line 88.
 1 APPPATH\Views\Shop\cart.php(88): CodeIgniter\Debug\Exceptions->errorHandler(2, 'Undefined array key "id"', 'C:\\xampp\\htdocs\\nyobaUAS\\app\\Views\\Shop\\cart.php', 88)
 2 SYSTEMPATH\View\View.php(226): include('C:\\xampp\\htdocs\\nyobaUAS\\app\\Views\\Shop\\cart.php')
 3 SYSTEMPATH\View\View.php(229): CodeIgniter\View\View->CodeIgniter\View\{closure}()
 4 SYSTEMPATH\Common.php(1167): CodeIgniter\View\View->render('Shop/cart', [], true)
 5 APPPATH\Controllers\Cart.php(68): view('Shop/cart', [...])
 6 SYSTEMPATH\CodeIgniter.php(933): App\Controllers\Cart->index()
 7 SYSTEMPATH\CodeIgniter.php(507): CodeIgniter\CodeIgniter->runController(Object(App\Controllers\Cart))
 8 SYSTEMPATH\CodeIgniter.php(354): CodeIgniter\CodeIgniter->handleRequest(null, Object(Config\Cache), false)
 9 SYSTEMPATH\Boot.php(363): CodeIgniter\CodeIgniter->run()
10 SYSTEMPATH\Boot.php(68): CodeIgniter\Boot::runCodeIgniter(Object(CodeIgniter\CodeIgniter))
11 FCPATH\index.php(59): CodeIgniter\Boot::bootWeb(Object(Config\Paths))
12 SYSTEMPATH\rewrite.php(44): require_once('C:\\xampp\\htdocs\\nyobaUAS\\public\\index.php')
DEBUG - 2025-11-26 03:06:55 --> Session: Class initialized using 'CodeIgniter\Session\Handlers\FileHandler' driver.
DEBUG - 2025-11-26 03:07:44 --> Session: Class initialized using 'CodeIgniter\Session\Handlers\FileHandler' driver.
DEBUG - 2025-11-26 03:07:50 --> Session: Class initialized using 'CodeIgniter\Session\Handlers\FileHandler' driver.
CRITICAL - 2025-11-26 03:07:50 --> ErrorException: Undefined array key "qty"
[Method: GET, Route: cart]
in APPPATH\Views\Shop\cart.php on line 89.
 1 APPPATH\Views\Shop\cart.php(89): CodeIgniter\Debug\Exceptions->errorHandler(2, 'Undefined array key "qty"', 'C:\\xampp\\htdocs\\nyobaUAS\\app\\Views\\Shop\\cart.php', 89)
 2 SYSTEMPATH\View\View.php(226): include('C:\\xampp\\htdocs\\nyobaUAS\\app\\Views\\Shop\\cart.php')
 3 SYSTEMPATH\View\View.php(229): CodeIgniter\View\View->CodeIgniter\View\{closure}()
 4 SYSTEMPATH\Common.php(1167): CodeIgniter\View\View->render('Shop/cart', [], true)
 5 APPPATH\Controllers\Cart.php(70): view('Shop/cart', [...])
 6 SYSTEMPATH\CodeIgniter.php(933): App\Controllers\Cart->index()
 7 SYSTEMPATH\CodeIgniter.php(507): CodeIgniter\CodeIgniter->runController(Object(App\Controllers\Cart))
 8 SYSTEMPATH\CodeIgniter.php(354): CodeIgniter\CodeIgniter->handleRequest(null, Object(Config\Cache), false)
 9 SYSTEMPATH\Boot.php(363): CodeIgniter\CodeIgniter->run()
10 SYSTEMPATH\Boot.php(68): CodeIgniter\Boot::runCodeIgniter(Object(CodeIgniter\CodeIgniter))
11 FCPATH\index.php(59): CodeIgniter\Boot::bootWeb(Object(Config\Paths))
12 SYSTEMPATH\rewrite.php(44): require_once('C:\\xampp\\htdocs\\nyobaUAS\\public\\index.php')
DEBUG - 2025-11-26 03:07:58 --> Session: Class initialized using 'CodeIgniter\Session\Handlers\FileHandler' driver.
DEBUG - 2025-11-26 03:08:33 --> Session: Class initialized using 'CodeIgniter\Session\Handlers\FileHandler' driver.
DEBUG - 2025-11-26 03:08:54 --> Session: Class initialized using 'CodeIgniter\Session\Handlers\FileHandler' driver.
DEBUG - 2025-11-26 03:08:55 --> Session: Class initialized using 'CodeIgniter\Session\Handlers\FileHandler' driver.
DEBUG - 2025-11-26 03:09:28 --> Session: Class initialized using 'CodeIgniter\Session\Handlers\FileHandler' driver.
DEBUG - 2025-11-26 03:09:31 --> Session: Class initialized using 'CodeIgniter\Session\Handlers\FileHandler' driver.
DEBUG - 2025-11-26 03:09:31 --> Session: Class initialized using 'CodeIgniter\Session\Handlers\FileHandler' driver.
DEBUG - 2025-11-26 03:10:50 --> Session: Class initialized using 'CodeIgniter\Session\Handlers\FileHandler' driver.
DEBUG - 2025-11-26 03:10:53 --> Session: Class initialized using 'CodeIgniter\Session\Handlers\FileHandler' driver.
DEBUG - 2025-11-26 03:10:54 --> Session: Class initialized using 'CodeIgniter\Session\Handlers\FileHandler' driver.
DEBUG - 2025-11-26 03:11:03 --> Session: Class initialized using 'CodeIgniter\Session\Handlers\FileHandler' driver.
DEBUG - 2025-11-26 03:11:05 --> Session: Class initialized using 'CodeIgniter\Session\Handlers\FileHandler' driver.
DEBUG - 2025-11-26 03:11:06 --> Session: Class initialized using 'CodeIgniter\Session\Handlers\FileHandler' driver.
DEBUG - 2025-11-26 03:11:12 --> Session: Class initialized using 'CodeIgniter\Session\Handlers\FileHandler' driver.
DEBUG - 2025-11-26 03:11:24 --> Session: Class initialized using 'CodeIgniter\Session\Handlers\FileHandler' driver.
DEBUG - 2025-11-26 03:11:39 --> Session: Class initialized using 'CodeIgniter\Session\Handlers\FileHandler' driver.
DEBUG - 2025-11-26 03:11:53 --> Session: Class initialized using 'CodeIgniter\Session\Handlers\FileHandler' driver.
DEBUG - 2025-11-26 03:12:04 --> Session: Class initialized using 'CodeIgniter\Session\Handlers\FileHandler' driver.
DEBUG - 2025-11-26 03:12:50 --> Session: Class initialized using 'CodeIgniter\Session\Handlers\FileHandler' driver.
DEBUG - 2025-11-26 03:12:52 --> Session: Class initialized using 'CodeIgniter\Session\Handlers\FileHandler' driver.
DEBUG - 2025-11-26 03:12:54 --> Session: Class initialized using 'CodeIgniter\Session\Handlers\FileHandler' driver.
DEBUG - 2025-11-26 03:12:54 --> Session: Class initialized using 'CodeIgniter\Session\Handlers\FileHandler' driver.
DEBUG - 2025-11-26 03:13:10 --> Session: Class initialized using 'CodeIgniter\Session\Handlers\FileHandler' driver.
DEBUG - 2025-11-26 03:13:10 --> Session: Class initialized using 'CodeIgniter\Session\Handlers\FileHandler' driver.
DEBUG - 2025-11-26 03:13:17 --> Session: Class initialized using 'CodeIgniter\Session\Handlers\FileHandler' driver.
DEBUG - 2025-11-26 03:13:18 --> Session: Class initialized using 'CodeIgniter\Session\Handlers\FileHandler' driver.
DEBUG - 2025-11-26 03:13:20 --> Session: Class initialized using 'CodeIgniter\Session\Handlers\FileHandler' driver.
DEBUG - 2025-11-26 03:13:20 --> Session: Class initialized using 'CodeIgniter\Session\Handlers\FileHandler' driver.
DEBUG - 2025-11-26 03:13:27 --> Session: Class initialized using 'CodeIgniter\Session\Handlers\FileHandler' driver.
DEBUG - 2025-11-26 03:13:28 --> Session: Class initialized using 'CodeIgniter\Session\Handlers\FileHandler' driver.
DEBUG - 2025-11-26 03:13:30 --> Session: Class initialized using 'CodeIgniter\Session\Handlers\FileHandler' driver.
DEBUG - 2025-11-26 03:13:31 --> Session: Class initialized using 'CodeIgniter\Session\Handlers\FileHandler' driver.
DEBUG - 2025-11-26 03:13:33 --> Session: Class initialized using 'CodeIgniter\Session\Handlers\FileHandler' driver.
DEBUG - 2025-11-26 03:13:34 --> Session: Class initialized using 'CodeIgniter\Session\Handlers\FileHandler' driver.
DEBUG - 2025-11-26 03:13:36 --> Session: Class initialized using 'CodeIgniter\Session\Handlers\FileHandler' driver.
DEBUG - 2025-11-26 03:13:36 --> Session: Class initialized using 'CodeIgniter\Session\Handlers\FileHandler' driver.
DEBUG - 2025-11-26 03:13:38 --> Session: Class initialized using 'CodeIgniter\Session\Handlers\FileHandler' driver.
DEBUG - 2025-11-26 03:13:38 --> Session: Class initialized using 'CodeIgniter\Session\Handlers\FileHandler' driver.
DEBUG - 2025-11-26 03:13:40 --> Session: Class initialized using 'CodeIgniter\Session\Handlers\FileHandler' driver.
DEBUG - 2025-11-26 03:13:40 --> Session: Class initialized using 'CodeIgniter\Session\Handlers\FileHandler' driver.
DEBUG - 2025-11-26 03:13:57 --> Session: Class initialized using 'CodeIgniter\Session\Handlers\FileHandler' driver.
DEBUG - 2025-11-26 03:13:57 --> Session: Class initialized using 'CodeIgniter\Session\Handlers\FileHandler' driver.
DEBUG - 2025-11-26 03:14:02 --> Session: Class initialized using 'CodeIgniter\Session\Handlers\FileHandler' driver.
DEBUG - 2025-11-26 03:14:02 --> Session: Class initialized using 'CodeIgniter\Session\Handlers\FileHandler' driver.
DEBUG - 2025-11-26 03:14:05 --> Session: Class initialized using 'CodeIgniter\Session\Handlers\FileHandler' driver.
DEBUG - 2025-11-26 03:14:06 --> Session: Class initialized using 'CodeIgniter\Session\Handlers\FileHandler' driver.
DEBUG - 2025-11-26 03:14:25 --> Session: Class initialized using 'CodeIgniter\Session\Handlers\FileHandler' driver.
DEBUG - 2025-11-26 03:14:25 --> Session: Class initialized using 'CodeIgniter\Session\Handlers\FileHandler' driver.
DEBUG - 2025-11-26 03:15:38 --> Session: Class initialized using 'CodeIgniter\Session\Handlers\FileHandler' driver.
DEBUG - 2025-11-26 03:15:39 --> Session: Class initialized using 'CodeIgniter\Session\Handlers\FileHandler' driver.
DEBUG - 2025-11-26 03:15:41 --> Session: Class initialized using 'CodeIgniter\Session\Handlers\FileHandler' driver.
DEBUG - 2025-11-26 03:15:42 --> Session: Class initialized using 'CodeIgniter\Session\Handlers\FileHandler' driver.
DEBUG - 2025-11-26 03:21:31 --> Session: Class initialized using 'CodeIgniter\Session\Handlers\FileHandler' driver.
DEBUG - 2025-11-26 03:21:44 --> Session: Class initialized using 'CodeIgniter\Session\Handlers\FileHandler' driver.
DEBUG - 2025-11-26 03:21:44 --> Session: Class initialized using 'CodeIgniter\Session\Handlers\FileHandler' driver.
DEBUG - 2025-11-26 03:21:48 --> Session: Class initialized using 'CodeIgniter\Session\Handlers\FileHandler' driver.
DEBUG - 2025-11-26 03:21:48 --> Session: Class initialized using 'CodeIgniter\Session\Handlers\FileHandler' driver.
DEBUG - 2025-11-26 03:21:51 --> Session: Class initialized using 'CodeIgniter\Session\Handlers\FileHandler' driver.
DEBUG - 2025-11-26 03:21:51 --> Session: Class initialized using 'CodeIgniter\Session\Handlers\FileHandler' driver.
DEBUG - 2025-11-26 03:21:53 --> Session: Class initialized using 'CodeIgniter\Session\Handlers\FileHandler' driver.
DEBUG - 2025-11-26 03:21:53 --> Session: Class initialized using 'CodeIgniter\Session\Handlers\FileHandler' driver.
DEBUG - 2025-11-26 03:21:56 --> Session: Class initialized using 'CodeIgniter\Session\Handlers\FileHandler' driver.
DEBUG - 2025-11-26 03:21:57 --> Session: Class initialized using 'CodeIgniter\Session\Handlers\FileHandler' driver.
DEBUG - 2025-11-26 03:22:00 --> Session: Class initialized using 'CodeIgniter\Session\Handlers\FileHandler' driver.
DEBUG - 2025-11-26 03:22:00 --> Session: Class initialized using 'CodeIgniter\Session\Handlers\FileHandler' driver.
WARNING - 2025-11-26 03:22:12 --> [DEPRECATED] number_format(): Passing null to parameter #1 ($num) of type float is deprecated in APPPATH\Views\Shop\detail.php on line 139.
 1 APPPATH\Views\Shop\detail.php(139): number_format(null, 1)
 2 SYSTEMPATH\View\View.php(226): include('C:\\xampp\\htdocs\\nyobaUAS\\app\\Views\\Shop\\detail.php')
 3 SYSTEMPATH\View\View.php(229): CodeIgniter\View\View->CodeIgniter\View\{closure}()
 4 SYSTEMPATH\Common.php(1167): CodeIgniter\View\View->render('Shop/detail', [], true)
 5 APPPATH\Controllers\Shop.php(109): view('Shop/detail', [...])
 6 SYSTEMPATH\CodeIgniter.php(933): App\Controllers\Shop->detail('heavy-duty-circular-saw')
 7 SYSTEMPATH\CodeIgniter.php(507): CodeIgniter\CodeIgniter->runController(Object(App\Controllers\Shop))
 8 SYSTEMPATH\CodeIgniter.php(354): CodeIgniter\CodeIgniter->handleRequest(null, Object(Config\Cache), false)
 9 SYSTEMPATH\Boot.php(363): CodeIgniter\CodeIgniter->run()
10 SYSTEMPATH\Boot.php(68): CodeIgniter\Boot::runCodeIgniter(Object(CodeIgniter\CodeIgniter))
11 FCPATH\index.php(59): CodeIgniter\Boot::bootWeb(Object(Config\Paths))
12 SYSTEMPATH\rewrite.php(44): require_once('C:\\xampp\\htdocs\\nyobaUAS\\public\\index.php')
WARNING - 2025-11-26 03:22:12 --> [DEPRECATED] number_format(): Passing null to parameter #1 ($num) of type float is deprecated in APPPATH\Views\Shop\detail.php on line 188.
 1 APPPATH\Views\Shop\detail.php(188): number_format(null, 1)
 2 SYSTEMPATH\View\View.php(226): include('C:\\xampp\\htdocs\\nyobaUAS\\app\\Views\\Shop\\detail.php')
 3 SYSTEMPATH\View\View.php(229): CodeIgniter\View\View->CodeIgniter\View\{closure}()
 4 SYSTEMPATH\Common.php(1167): CodeIgniter\View\View->render('Shop/detail', [], true)
 5 APPPATH\Controllers\Shop.php(109): view('Shop/detail', [...])
 6 SYSTEMPATH\CodeIgniter.php(933): App\Controllers\Shop->detail('heavy-duty-circular-saw')
 7 SYSTEMPATH\CodeIgniter.php(507): CodeIgniter\CodeIgniter->runController(Object(App\Controllers\Shop))
 8 SYSTEMPATH\CodeIgniter.php(354): CodeIgniter\CodeIgniter->handleRequest(null, Object(Config\Cache), false)
 9 SYSTEMPATH\Boot.php(363): CodeIgniter\CodeIgniter->run()
10 SYSTEMPATH\Boot.php(68): CodeIgniter\Boot::runCodeIgniter(Object(CodeIgniter\CodeIgniter))
11 FCPATH\index.php(59): CodeIgniter\Boot::bootWeb(Object(Config\Paths))
12 SYSTEMPATH\rewrite.php(44): require_once('C:\\xampp\\htdocs\\nyobaUAS\\public\\index.php')
DEBUG - 2025-11-26 03:22:16 --> Session: Class initialized using 'CodeIgniter\Session\Handlers\FileHandler' driver.
DEBUG - 2025-11-26 03:22:16 --> Session: Class initialized using 'CodeIgniter\Session\Handlers\FileHandler' driver.
DEBUG - 2025-11-26 03:22:22 --> Session: Class initialized using 'CodeIgniter\Session\Handlers\FileHandler' driver.
DEBUG - 2025-11-26 03:22:22 --> Session: Class initialized using 'CodeIgniter\Session\Handlers\FileHandler' driver.
DEBUG - 2025-11-26 03:22:23 --> Session: Class initialized using 'CodeIgniter\Session\Handlers\FileHandler' driver.
DEBUG - 2025-11-26 03:22:23 --> Session: Class initialized using 'CodeIgniter\Session\Handlers\FileHandler' driver.
WARNING - 2025-11-26 03:23:11 --> [DEPRECATED] number_format(): Passing null to parameter #1 ($num) of type float is deprecated in APPPATH\Views\Shop\detail.php on line 139.
 1 APPPATH\Views\Shop\detail.php(139): number_format(null, 1)
 2 SYSTEMPATH\View\View.php(226): include('C:\\xampp\\htdocs\\nyobaUAS\\app\\Views\\Shop\\detail.php')
 3 SYSTEMPATH\View\View.php(229): CodeIgniter\View\View->CodeIgniter\View\{closure}()
 4 SYSTEMPATH\Common.php(1167): CodeIgniter\View\View->render('Shop/detail', [], true)
 5 APPPATH\Controllers\Shop.php(109): view('Shop/detail', [...])
 6 SYSTEMPATH\CodeIgniter.php(933): App\Controllers\Shop->detail('adjustable-pipe-wrench')
 7 SYSTEMPATH\CodeIgniter.php(507): CodeIgniter\CodeIgniter->runController(Object(App\Controllers\Shop))
 8 SYSTEMPATH\CodeIgniter.php(354): CodeIgniter\CodeIgniter->handleRequest(null, Object(Config\Cache), false)
 9 SYSTEMPATH\Boot.php(363): CodeIgniter\CodeIgniter->run()
10 SYSTEMPATH\Boot.php(68): CodeIgniter\Boot::runCodeIgniter(Object(CodeIgniter\CodeIgniter))
11 FCPATH\index.php(59): CodeIgniter\Boot::bootWeb(Object(Config\Paths))
12 SYSTEMPATH\rewrite.php(44): require_once('C:\\xampp\\htdocs\\nyobaUAS\\public\\index.php')
WARNING - 2025-11-26 03:23:11 --> [DEPRECATED] number_format(): Passing null to parameter #1 ($num) of type float is deprecated in APPPATH\Views\Shop\detail.php on line 188.
 1 APPPATH\Views\Shop\detail.php(188): number_format(null, 1)
 2 SYSTEMPATH\View\View.php(226): include('C:\\xampp\\htdocs\\nyobaUAS\\app\\Views\\Shop\\detail.php')
 3 SYSTEMPATH\View\View.php(229): CodeIgniter\View\View->CodeIgniter\View\{closure}()
 4 SYSTEMPATH\Common.php(1167): CodeIgniter\View\View->render('Shop/detail', [], true)
 5 APPPATH\Controllers\Shop.php(109): view('Shop/detail', [...])
 6 SYSTEMPATH\CodeIgniter.php(933): App\Controllers\Shop->detail('adjustable-pipe-wrench')
 7 SYSTEMPATH\CodeIgniter.php(507): CodeIgniter\CodeIgniter->runController(Object(App\Controllers\Shop))
 8 SYSTEMPATH\CodeIgniter.php(354): CodeIgniter\CodeIgniter->handleRequest(null, Object(Config\Cache), false)
 9 SYSTEMPATH\Boot.php(363): CodeIgniter\CodeIgniter->run()
10 SYSTEMPATH\Boot.php(68): CodeIgniter\Boot::runCodeIgniter(Object(CodeIgniter\CodeIgniter))
11 FCPATH\index.php(59): CodeIgniter\Boot::bootWeb(Object(Config\Paths))
12 SYSTEMPATH\rewrite.php(44): require_once('C:\\xampp\\htdocs\\nyobaUAS\\public\\index.php')
DEBUG - 2025-11-26 03:23:14 --> Session: Class initialized using 'CodeIgniter\Session\Handlers\FileHandler' driver.
DEBUG - 2025-11-26 03:23:14 --> Session: Class initialized using 'CodeIgniter\Session\Handlers\FileHandler' driver.
DEBUG - 2025-11-26 03:23:18 --> Session: Class initialized using 'CodeIgniter\Session\Handlers\FileHandler' driver.
DEBUG - 2025-11-26 03:23:18 --> Session: Class initialized using 'CodeIgniter\Session\Handlers\FileHandler' driver.
DEBUG - 2025-11-26 03:23:22 --> Session: Class initialized using 'CodeIgniter\Session\Handlers\FileHandler' driver.
DEBUG - 2025-11-26 03:23:23 --> Session: Class initialized using 'CodeIgniter\Session\Handlers\FileHandler' driver.
DEBUG - 2025-11-26 03:23:30 --> Session: Class initialized using 'CodeIgniter\Session\Handlers\FileHandler' driver.
DEBUG - 2025-11-26 03:23:30 --> Session: Class initialized using 'CodeIgniter\Session\Handlers\FileHandler' driver.
DEBUG - 2025-11-26 03:23:35 --> Session: Class initialized using 'CodeIgniter\Session\Handlers\FileHandler' driver.
DEBUG - 2025-11-26 03:23:38 --> Session: Class initialized using 'CodeIgniter\Session\Handlers\FileHandler' driver.
DEBUG - 2025-11-26 03:23:41 --> Session: Class initialized using 'CodeIgniter\Session\Handlers\FileHandler' driver.
WARNING - 2025-11-26 03:24:50 --> [DEPRECATED] number_format(): Passing null to parameter #1 ($num) of type float is deprecated in APPPATH\Views\Shop\detail.php on line 139.
 1 APPPATH\Views\Shop\detail.php(139): number_format(null, 1)
 2 SYSTEMPATH\View\View.php(226): include('C:\\xampp\\htdocs\\nyobaUAS\\app\\Views\\Shop\\detail.php')
 3 SYSTEMPATH\View\View.php(229): CodeIgniter\View\View->CodeIgniter\View\{closure}()
 4 SYSTEMPATH\Common.php(1167): CodeIgniter\View\View->render('Shop/detail', [], true)
 5 APPPATH\Controllers\Shop.php(109): view('Shop/detail', [...])
 6 SYSTEMPATH\CodeIgniter.php(933): App\Controllers\Shop->detail('heavy-duty-circular-saw')
 7 SYSTEMPATH\CodeIgniter.php(507): CodeIgniter\CodeIgniter->runController(Object(App\Controllers\Shop))
 8 SYSTEMPATH\CodeIgniter.php(354): CodeIgniter\CodeIgniter->handleRequest(null, Object(Config\Cache), false)
 9 SYSTEMPATH\Boot.php(363): CodeIgniter\CodeIgniter->run()
10 SYSTEMPATH\Boot.php(68): CodeIgniter\Boot::runCodeIgniter(Object(CodeIgniter\CodeIgniter))
11 FCPATH\index.php(59): CodeIgniter\Boot::bootWeb(Object(Config\Paths))
12 SYSTEMPATH\rewrite.php(44): require_once('C:\\xampp\\htdocs\\nyobaUAS\\public\\index.php')
WARNING - 2025-11-26 03:24:50 --> [DEPRECATED] number_format(): Passing null to parameter #1 ($num) of type float is deprecated in APPPATH\Views\Shop\detail.php on line 188.
 1 APPPATH\Views\Shop\detail.php(188): number_format(null, 1)
 2 SYSTEMPATH\View\View.php(226): include('C:\\xampp\\htdocs\\nyobaUAS\\app\\Views\\Shop\\detail.php')
 3 SYSTEMPATH\View\View.php(229): CodeIgniter\View\View->CodeIgniter\View\{closure}()
 4 SYSTEMPATH\Common.php(1167): CodeIgniter\View\View->render('Shop/detail', [], true)
 5 APPPATH\Controllers\Shop.php(109): view('Shop/detail', [...])
 6 SYSTEMPATH\CodeIgniter.php(933): App\Controllers\Shop->detail('heavy-duty-circular-saw')
 7 SYSTEMPATH\CodeIgniter.php(507): CodeIgniter\CodeIgniter->runController(Object(App\Controllers\Shop))
 8 SYSTEMPATH\CodeIgniter.php(354): CodeIgniter\CodeIgniter->handleRequest(null, Object(Config\Cache), false)
 9 SYSTEMPATH\Boot.php(363): CodeIgniter\CodeIgniter->run()
10 SYSTEMPATH\Boot.php(68): CodeIgniter\Boot::runCodeIgniter(Object(CodeIgniter\CodeIgniter))
11 FCPATH\index.php(59): CodeIgniter\Boot::bootWeb(Object(Config\Paths))
12 SYSTEMPATH\rewrite.php(44): require_once('C:\\xampp\\htdocs\\nyobaUAS\\public\\index.php')
DEBUG - 2025-11-26 03:25:03 --> Session: Class initialized using 'CodeIgniter\Session\Handlers\FileHandler' driver.
DEBUG - 2025-11-26 03:25:03 --> Session: Class initialized using 'CodeIgniter\Session\Handlers\FileHandler' driver.
DEBUG - 2025-11-26 03:25:24 --> Session: Class initialized using 'CodeIgniter\Session\Handlers\FileHandler' driver.
DEBUG - 2025-11-26 03:25:24 --> Session: Class initialized using 'CodeIgniter\Session\Handlers\FileHandler' driver.
