DEBUG - 2025-11-30 08:52:26 --> Session: Class initialized using 'CodeIgniter\Session\Handlers\FileHandler' driver.
DEBUG - 2025-11-30 08:53:56 --> Session: Class initialized using 'CodeIgniter\Session\Handlers\FileHandler' driver.
DEBUG - 2025-11-30 08:54:05 --> Session: Class initialized using 'CodeIgniter\Session\Handlers\FileHandler' driver.
DEBUG - 2025-11-30 08:54:05 --> Session: Class initialized using 'CodeIgniter\Session\Handlers\FileHandler' driver.
DEBUG - 2025-11-30 08:54:50 --> Session: Class initialized using 'CodeIgniter\Session\Handlers\FileHandler' driver.
DEBUG - 2025-11-30 08:54:56 --> Session: Class initialized using 'CodeIgniter\Session\Handlers\FileHandler' driver.
DEBUG - 2025-11-30 08:59:00 --> Session: Class initialized using 'CodeIgniter\Session\Handlers\FileHandler' driver.
DEBUG - 2025-11-30 08:59:53 --> Session: Class initialized using 'CodeIgniter\Session\Handlers\FileHandler' driver.
DEBUG - 2025-11-30 09:00:04 --> Session: Class initialized using 'CodeIgniter\Session\Handlers\FileHandler' driver.
DEBUG - 2025-11-30 09:00:04 --> Session: Class initialized using 'CodeIgniter\Session\Handlers\FileHandler' driver.
DEBUG - 2025-11-30 09:00:08 --> Session: Class initialized using 'CodeIgniter\Session\Handlers\FileHandler' driver.
DEBUG - 2025-11-30 09:00:08 --> Session: Class initialized using 'CodeIgniter\Session\Handlers\FileHandler' driver.
DEBUG - 2025-11-30 09:00:12 --> Session: Class initialized using 'CodeIgniter\Session\Handlers\FileHandler' driver.
DEBUG - 2025-11-30 09:00:12 --> Session: Class initialized using 'CodeIgniter\Session\Handlers\FileHandler' driver.
DEBUG - 2025-11-30 09:00:12 --> Session: Class initialized using 'CodeIgniter\Session\Handlers\FileHandler' driver.
DEBUG - 2025-11-30 09:00:13 --> Session: Class initialized using 'CodeIgniter\Session\Handlers\FileHandler' driver.
DEBUG - 2025-11-30 09:00:19 --> Session: Class initialized using 'CodeIgniter\Session\Handlers\FileHandler' driver.
DEBUG - 2025-11-30 09:00:19 --> Session: Class initialized using 'CodeIgniter\Session\Handlers\FileHandler' driver.
DEBUG - 2025-11-30 09:00:20 --> Session: Class initialized using 'CodeIgniter\Session\Handlers\FileHandler' driver.
DEBUG - 2025-11-30 09:00:20 --> Session: Class initialized using 'CodeIgniter\Session\Handlers\FileHandler' driver.
DEBUG - 2025-11-30 09:00:20 --> Session: Class initialized using 'CodeIgniter\Session\Handlers\FileHandler' driver.
DEBUG - 2025-11-30 09:00:21 --> Session: Class initialized using 'CodeIgniter\Session\Handlers\FileHandler' driver.
DEBUG - 2025-11-30 09:00:32 --> Session: Class initialized using 'CodeIgniter\Session\Handlers\FileHandler' driver.
DEBUG - 2025-11-30 09:00:45 --> Session: Class initialized using 'CodeIgniter\Session\Handlers\FileHandler' driver.
DEBUG - 2025-11-30 09:01:06 --> Session: Class initialized using 'CodeIgniter\Session\Handlers\FileHandler' driver.
DEBUG - 2025-11-30 09:01:40 --> Session: Class initialized using 'CodeIgniter\Session\Handlers\FileHandler' driver.
DEBUG - 2025-11-30 09:01:50 --> Session: Class initialized using 'CodeIgniter\Session\Handlers\FileHandler' driver.
DEBUG - 2025-11-30 09:03:08 --> Session: Class initialized using 'CodeIgniter\Session\Handlers\FileHandler' driver.
DEBUG - 2025-11-30 09:03:20 --> Session: Class initialized using 'CodeIgniter\Session\Handlers\FileHandler' driver.
DEBUG - 2025-11-30 09:06:15 --> Session: Class initialized using 'CodeIgniter\Session\Handlers\FileHandler' driver.
DEBUG - 2025-11-30 09:06:36 --> Session: Class initialized using 'CodeIgniter\Session\Handlers\FileHandler' driver.
DEBUG - 2025-11-30 09:15:16 --> Session: Class initialized using 'CodeIgniter\Session\Handlers\FileHandler' driver.
DEBUG - 2025-11-30 09:15:28 --> Session: Class initialized using 'CodeIgniter\Session\Handlers\FileHandler' driver.
DEBUG - 2025-11-30 09:15:32 --> Session: Class initialized using 'CodeIgniter\Session\Handlers\FileHandler' driver.
DEBUG - 2025-11-30 09:15:32 --> Session: Class initialized using 'CodeIgniter\Session\Handlers\FileHandler' driver.
DEBUG - 2025-11-30 09:15:49 --> Session: Class initialized using 'CodeIgniter\Session\Handlers\FileHandler' driver.
DEBUG - 2025-11-30 09:15:57 --> Session: Class initialized using 'CodeIgniter\Session\Handlers\FileHandler' driver.
DEBUG - 2025-11-30 09:17:52 --> Session: Class initialized using 'CodeIgniter\Session\Handlers\FileHandler' driver.
DEBUG - 2025-11-30 09:18:07 --> Session: Class initialized using 'CodeIgniter\Session\Handlers\FileHandler' driver.
DEBUG - 2025-11-30 09:18:24 --> Session: Class initialized using 'CodeIgniter\Session\Handlers\FileHandler' driver.
DEBUG - 2025-11-30 09:23:24 --> Session: Class initialized using 'CodeIgniter\Session\Handlers\FileHandler' driver.
DEBUG - 2025-11-30 09:24:31 --> Session: Class initialized using 'CodeIgniter\Session\Handlers\FileHandler' driver.
DEBUG - 2025-11-30 09:25:23 --> Session: Class initialized using 'CodeIgniter\Session\Handlers\FileHandler' driver.
DEBUG - 2025-11-30 09:26:29 --> Session: Class initialized using 'CodeIgniter\Session\Handlers\FileHandler' driver.
DEBUG - 2025-11-30 09:26:42 --> Session: Class initialized using 'CodeIgniter\Session\Handlers\FileHandler' driver.
DEBUG - 2025-11-30 09:26:50 --> Session: Class initialized using 'CodeIgniter\Session\Handlers\FileHandler' driver.
DEBUG - 2025-11-30 09:32:53 --> Session: Class initialized using 'CodeIgniter\Session\Handlers\FileHandler' driver.
DEBUG - 2025-11-30 09:33:12 --> Session: Class initialized using 'CodeIgniter\Session\Handlers\FileHandler' driver.
DEBUG - 2025-11-30 09:42:39 --> Session: Class initialized using 'CodeIgniter\Session\Handlers\FileHandler' driver.
ERROR - 2025-11-30 09:52:39 --> mysqli_sql_exception: Cannot add or update a child row: a foreign key constraint fails (`construction`.`product_images`, CONSTRAINT `product_images_product_id_foreign` FOREIGN KEY (`product_id`) REFERENCES `products` (`product_id`) ON DELETE CASCADE ON UPDATE CASCADE) in C:\xampp\htdocs\nyobaUAS\system\Database\MySQLi\Connection.php:327
Stack trace:
#0 C:\xampp\htdocs\nyobaUAS\system\Database\MySQLi\Connection.php(327): mysqli->query('INSERT INTO `pr...', 0)
#1 C:\xampp\htdocs\nyobaUAS\system\Database\BaseConnection.php(729): CodeIgniter\Database\MySQLi\Connection->execute('INSERT INTO `pr...')
#2 C:\xampp\htdocs\nyobaUAS\system\Database\BaseConnection.php(646): CodeIgniter\Database\BaseConnection->simpleQuery('INSERT INTO `pr...')
#3 C:\xampp\htdocs\nyobaUAS\system\Database\BaseBuilder.php(1841): CodeIgniter\Database\BaseConnection->query('INSERT INTO `pr...', NULL, false)
#4 C:\xampp\htdocs\nyobaUAS\system\Database\BaseBuilder.php(2230): CodeIgniter\Database\BaseBuilder->batchExecute('_insertBatch', 100)
#5 C:\xampp\htdocs\nyobaUAS\app\Database\Seeds\ProductImageSeeder.php(59): CodeIgniter\Database\BaseBuilder->insertBatch(Array)
#6 C:\xampp\htdocs\nyobaUAS\system\Database\Seeder.php(149): App\Database\Seeds\ProductImageSeeder->run()
#7 C:\xampp\htdocs\nyobaUAS\system\Commands\Database\Seed.php(79): CodeIgniter\Database\Seeder->call('App\\Database\\Se...')
#8 C:\xampp\htdocs\nyobaUAS\system\CLI\Commands.php(74): CodeIgniter\Commands\Database\Seed->run(Array)
#9 C:\xampp\htdocs\nyobaUAS\system\CLI\Console.php(47): CodeIgniter\CLI\Commands->run('db:seed', Array)
#10 C:\xampp\htdocs\nyobaUAS\system\Boot.php(388): CodeIgniter\CLI\Console->run()
#11 C:\xampp\htdocs\nyobaUAS\system\Boot.php(133): CodeIgniter\Boot::runCommand(Object(CodeIgniter\CLI\Console))
#12 C:\xampp\htdocs\nyobaUAS\spark(87): CodeIgniter\Boot::bootSpark(Object(Config\Paths))
#13 {main}
ERROR - 2025-11-30 09:54:35 --> mysqli_sql_exception: Cannot add or update a child row: a foreign key constraint fails (`construction`.`product_specifications`, CONSTRAINT `product_specifications_product_id_foreign` FOREIGN KEY (`product_id`) REFERENCES `products` (`product_id`) ON DELETE CASCADE ON UPDATE CASC) in C:\xampp\htdocs\nyobaUAS\system\Database\MySQLi\Connection.php:327
Stack trace:
#0 C:\xampp\htdocs\nyobaUAS\system\Database\MySQLi\Connection.php(327): mysqli->query('INSERT INTO `pr...', 0)
#1 C:\xampp\htdocs\nyobaUAS\system\Database\BaseConnection.php(729): CodeIgniter\Database\MySQLi\Connection->execute('INSERT INTO `pr...')
#2 C:\xampp\htdocs\nyobaUAS\system\Database\BaseConnection.php(646): CodeIgniter\Database\BaseConnection->simpleQuery('INSERT INTO `pr...')
#3 C:\xampp\htdocs\nyobaUAS\system\Database\BaseBuilder.php(1841): CodeIgniter\Database\BaseConnection->query('INSERT INTO `pr...', NULL, false)
#4 C:\xampp\htdocs\nyobaUAS\system\Database\BaseBuilder.php(2230): CodeIgniter\Database\BaseBuilder->batchExecute('_insertBatch', 100)
#5 C:\xampp\htdocs\nyobaUAS\app\Database\Seeds\ProductSpecificationSeeder.php(146): CodeIgniter\Database\BaseBuilder->insertBatch(Array)
#6 C:\xampp\htdocs\nyobaUAS\system\Database\Seeder.php(149): App\Database\Seeds\ProductSpecificationSeeder->run()
#7 C:\xampp\htdocs\nyobaUAS\system\Commands\Database\Seed.php(79): CodeIgniter\Database\Seeder->call('App\\Database\\Se...')
#8 C:\xampp\htdocs\nyobaUAS\system\CLI\Commands.php(74): CodeIgniter\Commands\Database\Seed->run(Array)
#9 C:\xampp\htdocs\nyobaUAS\system\CLI\Console.php(47): CodeIgniter\CLI\Commands->run('db:seed', Array)
#10 C:\xampp\htdocs\nyobaUAS\system\Boot.php(388): CodeIgniter\CLI\Console->run()
#11 C:\xampp\htdocs\nyobaUAS\system\Boot.php(133): CodeIgniter\Boot::runCommand(Object(CodeIgniter\CLI\Console))
#12 C:\xampp\htdocs\nyobaUAS\spark(87): CodeIgniter\Boot::bootSpark(Object(Config\Paths))
#13 {main}
ERROR - 2025-11-30 09:56:34 --> mysqli_sql_exception: Cannot add or update a child row: a foreign key constraint fails (`construction`.`reviews`, CONSTRAINT `reviews_user_id_foreign` FOREIGN KEY (`user_id`) REFERENCES `users` (`user_id`) ON DELETE CASCADE ON UPDATE CASCADE) in C:\xampp\htdocs\nyobaUAS\system\Database\MySQLi\Connection.php:327
Stack trace:
#0 C:\xampp\htdocs\nyobaUAS\system\Database\MySQLi\Connection.php(327): mysqli->query('INSERT INTO `re...', 0)
#1 C:\xampp\htdocs\nyobaUAS\system\Database\BaseConnection.php(729): CodeIgniter\Database\MySQLi\Connection->execute('INSERT INTO `re...')
#2 C:\xampp\htdocs\nyobaUAS\system\Database\BaseConnection.php(646): CodeIgniter\Database\BaseConnection->simpleQuery('INSERT INTO `re...')
#3 C:\xampp\htdocs\nyobaUAS\system\Database\BaseBuilder.php(1841): CodeIgniter\Database\BaseConnection->query('INSERT INTO `re...', NULL, false)
#4 C:\xampp\htdocs\nyobaUAS\system\Database\BaseBuilder.php(2230): CodeIgniter\Database\BaseBuilder->batchExecute('_insertBatch', 100)
#5 C:\xampp\htdocs\nyobaUAS\app\Database\Seeds\ReviewsSeeder.php(38): CodeIgniter\Database\BaseBuilder->insertBatch(Array)
#6 C:\xampp\htdocs\nyobaUAS\system\Database\Seeder.php(149): App\Database\Seeds\ReviewsSeeder->run()
#7 C:\xampp\htdocs\nyobaUAS\system\Commands\Database\Seed.php(79): CodeIgniter\Database\Seeder->call('App\\Database\\Se...')
#8 C:\xampp\htdocs\nyobaUAS\system\CLI\Commands.php(74): CodeIgniter\Commands\Database\Seed->run(Array)
#9 C:\xampp\htdocs\nyobaUAS\system\CLI\Console.php(47): CodeIgniter\CLI\Commands->run('db:seed', Array)
#10 C:\xampp\htdocs\nyobaUAS\system\Boot.php(388): CodeIgniter\CLI\Console->run()
#11 C:\xampp\htdocs\nyobaUAS\system\Boot.php(133): CodeIgniter\Boot::runCommand(Object(CodeIgniter\CLI\Console))
#12 C:\xampp\htdocs\nyobaUAS\spark(87): CodeIgniter\Boot::bootSpark(Object(Config\Paths))
#13 {main}
ERROR - 2025-11-30 09:57:18 --> mysqli_sql_exception: Unknown column 'phone' in 'field list' in C:\xampp\htdocs\nyobaUAS\system\Database\MySQLi\Connection.php:327
Stack trace:
#0 C:\xampp\htdocs\nyobaUAS\system\Database\MySQLi\Connection.php(327): mysqli->query('INSERT INTO `us...', 0)
#1 C:\xampp\htdocs\nyobaUAS\system\Database\BaseConnection.php(729): CodeIgniter\Database\MySQLi\Connection->execute('INSERT INTO `us...')
#2 C:\xampp\htdocs\nyobaUAS\system\Database\BaseConnection.php(646): CodeIgniter\Database\BaseConnection->simpleQuery('INSERT INTO `us...')
#3 C:\xampp\htdocs\nyobaUAS\system\Database\BaseBuilder.php(1841): CodeIgniter\Database\BaseConnection->query('INSERT INTO `us...', NULL, false)
#4 C:\xampp\htdocs\nyobaUAS\system\Database\BaseBuilder.php(2230): CodeIgniter\Database\BaseBuilder->batchExecute('_insertBatch', 100)
#5 C:\xampp\htdocs\nyobaUAS\app\Database\Seeds\UserSeeder.php(31): CodeIgniter\Database\BaseBuilder->insertBatch(Array)
#6 C:\xampp\htdocs\nyobaUAS\system\Database\Seeder.php(149): App\Database\Seeds\UserSeeder->run()
#7 C:\xampp\htdocs\nyobaUAS\system\Commands\Database\Seed.php(79): CodeIgniter\Database\Seeder->call('App\\Database\\Se...')
#8 C:\xampp\htdocs\nyobaUAS\system\CLI\Commands.php(74): CodeIgniter\Commands\Database\Seed->run(Array)
#9 C:\xampp\htdocs\nyobaUAS\system\CLI\Console.php(47): CodeIgniter\CLI\Commands->run('db:seed', Array)
#10 C:\xampp\htdocs\nyobaUAS\system\Boot.php(388): CodeIgniter\CLI\Console->run()
#11 C:\xampp\htdocs\nyobaUAS\system\Boot.php(133): CodeIgniter\Boot::runCommand(Object(CodeIgniter\CLI\Console))
#12 C:\xampp\htdocs\nyobaUAS\spark(87): CodeIgniter\Boot::bootSpark(Object(Config\Paths))
#13 {main}
DEBUG - 2025-11-30 09:59:00 --> Session: Class initialized using 'CodeIgniter\Session\Handlers\FileHandler' driver.
DEBUG - 2025-11-30 09:59:05 --> Session: Class initialized using 'CodeIgniter\Session\Handlers\FileHandler' driver.
DEBUG - 2025-11-30 09:59:10 --> Session: Class initialized using 'CodeIgniter\Session\Handlers\FileHandler' driver.
WARNING - 2025-11-30 09:59:19 --> [DEPRECATED] round(): Passing null to parameter #1 ($num) of type int|float is deprecated in APPPATH\Views\Shop\detail.php on line 175.
 1 APPPATH\Views\Shop\detail.php(175): round(null, 1)
 2 SYSTEMPATH\View\View.php(226): include('C:\\xampp\\htdocs\\nyobaUAS\\app\\Views\\Shop\\detail.php')
 3 SYSTEMPATH\View\View.php(229): CodeIgniter\View\View->CodeIgniter\View\{closure}()
 4 SYSTEMPATH\Common.php(1167): CodeIgniter\View\View->render('Shop/detail', [], true)
 5 APPPATH\Controllers\Shop.php(109): view('Shop/detail', [...])
 6 SYSTEMPATH\CodeIgniter.php(933): App\Controllers\Shop->detail('steel-rebar-set')
 7 SYSTEMPATH\CodeIgniter.php(507): CodeIgniter\CodeIgniter->runController(Object(App\Controllers\Shop))
 8 SYSTEMPATH\CodeIgniter.php(354): CodeIgniter\CodeIgniter->handleRequest(null, Object(Config\Cache), false)
 9 SYSTEMPATH\Boot.php(363): CodeIgniter\CodeIgniter->run()
10 SYSTEMPATH\Boot.php(68): CodeIgniter\Boot::runCodeIgniter(Object(CodeIgniter\CodeIgniter))
11 FCPATH\index.php(59): CodeIgniter\Boot::bootWeb(Object(Config\Paths))
12 SYSTEMPATH\rewrite.php(44): require_once('C:\\xampp\\htdocs\\nyobaUAS\\public\\index.php')
WARNING - 2025-11-30 09:59:19 --> [DEPRECATED] number_format(): Passing null to parameter #1 ($num) of type float is deprecated in APPPATH\Views\Shop\detail.php on line 179.
 1 APPPATH\Views\Shop\detail.php(179): number_format(null, 1)
 2 SYSTEMPATH\View\View.php(226): include('C:\\xampp\\htdocs\\nyobaUAS\\app\\Views\\Shop\\detail.php')
 3 SYSTEMPATH\View\View.php(229): CodeIgniter\View\View->CodeIgniter\View\{closure}()
 4 SYSTEMPATH\Common.php(1167): CodeIgniter\View\View->render('Shop/detail', [], true)
 5 APPPATH\Controllers\Shop.php(109): view('Shop/detail', [...])
 6 SYSTEMPATH\CodeIgniter.php(933): App\Controllers\Shop->detail('steel-rebar-set')
 7 SYSTEMPATH\CodeIgniter.php(507): CodeIgniter\CodeIgniter->runController(Object(App\Controllers\Shop))
 8 SYSTEMPATH\CodeIgniter.php(354): CodeIgniter\CodeIgniter->handleRequest(null, Object(Config\Cache), false)
 9 SYSTEMPATH\Boot.php(363): CodeIgniter\CodeIgniter->run()
10 SYSTEMPATH\Boot.php(68): CodeIgniter\Boot::runCodeIgniter(Object(CodeIgniter\CodeIgniter))
11 FCPATH\index.php(59): CodeIgniter\Boot::bootWeb(Object(Config\Paths))
12 SYSTEMPATH\rewrite.php(44): require_once('C:\\xampp\\htdocs\\nyobaUAS\\public\\index.php')
WARNING - 2025-11-30 09:59:19 --> [DEPRECATED] number_format(): Passing null to parameter #1 ($num) of type float is deprecated in APPPATH\Views\Shop\detail.php on line 232.
 1 APPPATH\Views\Shop\detail.php(232): number_format(null, 1)
 2 SYSTEMPATH\View\View.php(226): include('C:\\xampp\\htdocs\\nyobaUAS\\app\\Views\\Shop\\detail.php')
 3 SYSTEMPATH\View\View.php(229): CodeIgniter\View\View->CodeIgniter\View\{closure}()
 4 SYSTEMPATH\Common.php(1167): CodeIgniter\View\View->render('Shop/detail', [], true)
 5 APPPATH\Controllers\Shop.php(109): view('Shop/detail', [...])
 6 SYSTEMPATH\CodeIgniter.php(933): App\Controllers\Shop->detail('steel-rebar-set')
 7 SYSTEMPATH\CodeIgniter.php(507): CodeIgniter\CodeIgniter->runController(Object(App\Controllers\Shop))
 8 SYSTEMPATH\CodeIgniter.php(354): CodeIgniter\CodeIgniter->handleRequest(null, Object(Config\Cache), false)
 9 SYSTEMPATH\Boot.php(363): CodeIgniter\CodeIgniter->run()
10 SYSTEMPATH\Boot.php(68): CodeIgniter\Boot::runCodeIgniter(Object(CodeIgniter\CodeIgniter))
11 FCPATH\index.php(59): CodeIgniter\Boot::bootWeb(Object(Config\Paths))
12 SYSTEMPATH\rewrite.php(44): require_once('C:\\xampp\\htdocs\\nyobaUAS\\public\\index.php')
WARNING - 2025-11-30 09:59:19 --> [DEPRECATED] round(): Passing null to parameter #1 ($num) of type int|float is deprecated in APPPATH\Views\Shop\detail.php on line 235.
 1 APPPATH\Views\Shop\detail.php(235): round(null, 1)
 2 SYSTEMPATH\View\View.php(226): include('C:\\xampp\\htdocs\\nyobaUAS\\app\\Views\\Shop\\detail.php')
 3 SYSTEMPATH\View\View.php(229): CodeIgniter\View\View->CodeIgniter\View\{closure}()
 4 SYSTEMPATH\Common.php(1167): CodeIgniter\View\View->render('Shop/detail', [], true)
 5 APPPATH\Controllers\Shop.php(109): view('Shop/detail', [...])
 6 SYSTEMPATH\CodeIgniter.php(933): App\Controllers\Shop->detail('steel-rebar-set')
 7 SYSTEMPATH\CodeIgniter.php(507): CodeIgniter\CodeIgniter->runController(Object(App\Controllers\Shop))
 8 SYSTEMPATH\CodeIgniter.php(354): CodeIgniter\CodeIgniter->handleRequest(null, Object(Config\Cache), false)
 9 SYSTEMPATH\Boot.php(363): CodeIgniter\CodeIgniter->run()
10 SYSTEMPATH\Boot.php(68): CodeIgniter\Boot::runCodeIgniter(Object(CodeIgniter\CodeIgniter))
11 FCPATH\index.php(59): CodeIgniter\Boot::bootWeb(Object(Config\Paths))
12 SYSTEMPATH\rewrite.php(44): require_once('C:\\xampp\\htdocs\\nyobaUAS\\public\\index.php')
DEBUG - 2025-11-30 09:59:22 --> Session: Class initialized using 'CodeIgniter\Session\Handlers\FileHandler' driver.
ERROR - 2025-11-30 09:59:22 --> mysqli_sql_exception: Cannot add or update a child row: a foreign key constraint fails (`construction`.`cart`, CONSTRAINT `cart_user_id_foreign` FOREIGN KEY (`user_id`) REFERENCES `users` (`user_id`) ON DELETE CASCADE ON UPDATE CASCADE) in C:\xampp\htdocs\nyobaUAS\system\Database\MySQLi\Connection.php:327
Stack trace:
#0 C:\xampp\htdocs\nyobaUAS\system\Database\MySQLi\Connection.php(327): mysqli->query('INSERT INTO `ca...', 0)
#1 C:\xampp\htdocs\nyobaUAS\system\Database\BaseConnection.php(729): CodeIgniter\Database\MySQLi\Connection->execute('INSERT INTO `ca...')
#2 C:\xampp\htdocs\nyobaUAS\system\Database\BaseConnection.php(646): CodeIgniter\Database\BaseConnection->simpleQuery('INSERT INTO `ca...')
#3 C:\xampp\htdocs\nyobaUAS\system\Database\BaseBuilder.php(2345): CodeIgniter\Database\BaseConnection->query('INSERT INTO `ca...', Array, false)
#4 C:\xampp\htdocs\nyobaUAS\system\Model.php(394): CodeIgniter\Database\BaseBuilder->insert()
#5 C:\xampp\htdocs\nyobaUAS\system\BaseModel.php(838): CodeIgniter\Model->doInsert(Array)
#6 C:\xampp\htdocs\nyobaUAS\system\Model.php(797): CodeIgniter\BaseModel->insert(Array, true)
#7 C:\xampp\htdocs\nyobaUAS\app\Controllers\Cart.php(29): CodeIgniter\Model->insert(Array, true)
#8 C:\xampp\htdocs\nyobaUAS\app\Controllers\Cart.php(90): App\Controllers\Cart->getUserCartId()
#9 C:\xampp\htdocs\nyobaUAS\system\CodeIgniter.php(933): App\Controllers\Cart->add('2')
#10 C:\xampp\htdocs\nyobaUAS\system\CodeIgniter.php(507): CodeIgniter\CodeIgniter->runController(Object(App\Controllers\Cart))
#11 C:\xampp\htdocs\nyobaUAS\system\CodeIgniter.php(354): CodeIgniter\CodeIgniter->handleRequest(NULL, Object(Config\Cache), false)
#12 C:\xampp\htdocs\nyobaUAS\system\Boot.php(363): CodeIgniter\CodeIgniter->run()
#13 C:\xampp\htdocs\nyobaUAS\system\Boot.php(68): CodeIgniter\Boot::runCodeIgniter(Object(CodeIgniter\CodeIgniter))
#14 C:\xampp\htdocs\nyobaUAS\public\index.php(59): CodeIgniter\Boot::bootWeb(Object(Config\Paths))
#15 C:\xampp\htdocs\nyobaUAS\system\rewrite.php(44): require_once('C:\\xampp\\htdocs...')
#16 {main}
CRITICAL - 2025-11-30 09:59:22 --> CodeIgniter\Database\Exceptions\DatabaseException: Cannot add or update a child row: a foreign key constraint fails (`construction`.`cart`, CONSTRAINT `cart_user_id_foreign` FOREIGN KEY (`user_id`) REFERENCES `users` (`user_id`) ON DELETE CASCADE ON UPDATE CASCADE)
[Method: GET, Route: cart/add/2]
in SYSTEMPATH\Database\BaseConnection.php on line 684.
 1 SYSTEMPATH\Database\BaseBuilder.php(2345): CodeIgniter\Database\BaseConnection->query('INSERT INTO `cart` (`user_id`, `created_at`, `updated_at`) VALUES (:user_id:, :created_at:, :updated_at:)', [...], false)
 2 SYSTEMPATH\Model.php(394): CodeIgniter\Database\BaseBuilder->insert()
 3 SYSTEMPATH\BaseModel.php(838): CodeIgniter\Model->doInsert([...])
 4 SYSTEMPATH\Model.php(797): CodeIgniter\BaseModel->insert([...], true)
 5 APPPATH\Controllers\Cart.php(29): CodeIgniter\Model->insert([...], true)
 6 APPPATH\Controllers\Cart.php(90): App\Controllers\Cart->getUserCartId()
 7 SYSTEMPATH\CodeIgniter.php(933): App\Controllers\Cart->add('2')
 8 SYSTEMPATH\CodeIgniter.php(507): CodeIgniter\CodeIgniter->runController(Object(App\Controllers\Cart))
 9 SYSTEMPATH\CodeIgniter.php(354): CodeIgniter\CodeIgniter->handleRequest(null, Object(Config\Cache), false)
10 SYSTEMPATH\Boot.php(363): CodeIgniter\CodeIgniter->run()
11 SYSTEMPATH\Boot.php(68): CodeIgniter\Boot::runCodeIgniter(Object(CodeIgniter\CodeIgniter))
12 FCPATH\index.php(59): CodeIgniter\Boot::bootWeb(Object(Config\Paths))
13 SYSTEMPATH\rewrite.php(44): require_once('C:\\xampp\\htdocs\\nyobaUAS\\public\\index.php')
CRITICAL - 2025-11-30 09:59:22 --> [Caused by] CodeIgniter\Database\Exceptions\DatabaseException: Cannot add or update a child row: a foreign key constraint fails (`construction`.`cart`, CONSTRAINT `cart_user_id_foreign` FOREIGN KEY (`user_id`) REFERENCES `users` (`user_id`) ON DELETE CASCADE ON UPDATE CASCADE)
in SYSTEMPATH\Database\MySQLi\Connection.php on line 332.
 1 SYSTEMPATH\Database\BaseConnection.php(729): CodeIgniter\Database\MySQLi\Connection->execute('INSERT INTO `cart` (`user_id`, `created_at`, `updated_at`) VALUES (\'4\', \'2025-11-30 09:59:22\', \'2025-11-30 09:59:22\')')
 2 SYSTEMPATH\Database\BaseConnection.php(646): CodeIgniter\Database\BaseConnection->simpleQuery('INSERT INTO `cart` (`user_id`, `created_at`, `updated_at`) VALUES (\'4\', \'2025-11-30 09:59:22\', \'2025-11-30 09:59:22\')')
 3 SYSTEMPATH\Database\BaseBuilder.php(2345): CodeIgniter\Database\BaseConnection->query('INSERT INTO `cart` (`user_id`, `created_at`, `updated_at`) VALUES (:user_id:, :created_at:, :updated_at:)', [...], false)
 4 SYSTEMPATH\Model.php(394): CodeIgniter\Database\BaseBuilder->insert()
 5 SYSTEMPATH\BaseModel.php(838): CodeIgniter\Model->doInsert([...])
 6 SYSTEMPATH\Model.php(797): CodeIgniter\BaseModel->insert([...], true)
 7 APPPATH\Controllers\Cart.php(29): CodeIgniter\Model->insert([...], true)
 8 APPPATH\Controllers\Cart.php(90): App\Controllers\Cart->getUserCartId()
 9 SYSTEMPATH\CodeIgniter.php(933): App\Controllers\Cart->add('2')
10 SYSTEMPATH\CodeIgniter.php(507): CodeIgniter\CodeIgniter->runController(Object(App\Controllers\Cart))
11 SYSTEMPATH\CodeIgniter.php(354): CodeIgniter\CodeIgniter->handleRequest(null, Object(Config\Cache), false)
12 SYSTEMPATH\Boot.php(363): CodeIgniter\CodeIgniter->run()
13 SYSTEMPATH\Boot.php(68): CodeIgniter\Boot::runCodeIgniter(Object(CodeIgniter\CodeIgniter))
14 FCPATH\index.php(59): CodeIgniter\Boot::bootWeb(Object(Config\Paths))
15 SYSTEMPATH\rewrite.php(44): require_once('C:\\xampp\\htdocs\\nyobaUAS\\public\\index.php')
CRITICAL - 2025-11-30 09:59:22 --> [Caused by] mysqli_sql_exception: Cannot add or update a child row: a foreign key constraint fails (`construction`.`cart`, CONSTRAINT `cart_user_id_foreign` FOREIGN KEY (`user_id`) REFERENCES `users` (`user_id`) ON DELETE CASCADE ON UPDATE CASCADE)
in SYSTEMPATH\Database\MySQLi\Connection.php on line 327.
 1 SYSTEMPATH\Database\MySQLi\Connection.php(327): mysqli->query('INSERT INTO `cart` (`user_id`, `created_at`, `updated_at`) VALUES (\'4\', \'2025-11-30 09:59:22\', \'2025-11-30 09:59:22\')', 0)
 2 SYSTEMPATH\Database\BaseConnection.php(729): CodeIgniter\Database\MySQLi\Connection->execute('INSERT INTO `cart` (`user_id`, `created_at`, `updated_at`) VALUES (\'4\', \'2025-11-30 09:59:22\', \'2025-11-30 09:59:22\')')
 3 SYSTEMPATH\Database\BaseConnection.php(646): CodeIgniter\Database\BaseConnection->simpleQuery('INSERT INTO `cart` (`user_id`, `created_at`, `updated_at`) VALUES (\'4\', \'2025-11-30 09:59:22\', \'2025-11-30 09:59:22\')')
 4 SYSTEMPATH\Database\BaseBuilder.php(2345): CodeIgniter\Database\BaseConnection->query('INSERT INTO `cart` (`user_id`, `created_at`, `updated_at`) VALUES (:user_id:, :created_at:, :updated_at:)', [...], false)
 5 SYSTEMPATH\Model.php(394): CodeIgniter\Database\BaseBuilder->insert()
 6 SYSTEMPATH\BaseModel.php(838): CodeIgniter\Model->doInsert([...])
 7 SYSTEMPATH\Model.php(797): CodeIgniter\BaseModel->insert([...], true)
 8 APPPATH\Controllers\Cart.php(29): CodeIgniter\Model->insert([...], true)
 9 APPPATH\Controllers\Cart.php(90): App\Controllers\Cart->getUserCartId()
10 SYSTEMPATH\CodeIgniter.php(933): App\Controllers\Cart->add('2')
11 SYSTEMPATH\CodeIgniter.php(507): CodeIgniter\CodeIgniter->runController(Object(App\Controllers\Cart))
12 SYSTEMPATH\CodeIgniter.php(354): CodeIgniter\CodeIgniter->handleRequest(null, Object(Config\Cache), false)
13 SYSTEMPATH\Boot.php(363): CodeIgniter\CodeIgniter->run()
14 SYSTEMPATH\Boot.php(68): CodeIgniter\Boot::runCodeIgniter(Object(CodeIgniter\CodeIgniter))
15 FCPATH\index.php(59): CodeIgniter\Boot::bootWeb(Object(Config\Paths))
16 SYSTEMPATH\rewrite.php(44): require_once('C:\\xampp\\htdocs\\nyobaUAS\\public\\index.php')
DEBUG - 2025-11-30 10:02:27 --> Session: Class initialized using 'CodeIgniter\Session\Handlers\FileHandler' driver.
DEBUG - 2025-11-30 10:02:31 --> Session: Class initialized using 'CodeIgniter\Session\Handlers\FileHandler' driver.
DEBUG - 2025-11-30 10:02:32 --> Session: Class initialized using 'CodeIgniter\Session\Handlers\FileHandler' driver.
DEBUG - 2025-11-30 10:02:34 --> Session: Class initialized using 'CodeIgniter\Session\Handlers\FileHandler' driver.
DEBUG - 2025-11-30 10:03:12 --> Session: Class initialized using 'CodeIgniter\Session\Handlers\FileHandler' driver.
DEBUG - 2025-11-30 10:03:12 --> Session: Class initialized using 'CodeIgniter\Session\Handlers\FileHandler' driver.
DEBUG - 2025-11-30 10:03:16 --> Session: Class initialized using 'CodeIgniter\Session\Handlers\FileHandler' driver.
DEBUG - 2025-11-30 10:03:23 --> Session: Class initialized using 'CodeIgniter\Session\Handlers\FileHandler' driver.
WARNING - 2025-11-30 10:03:32 --> [DEPRECATED] round(): Passing null to parameter #1 ($num) of type int|float is deprecated in APPPATH\Views\Shop\detail.php on line 175.
 1 APPPATH\Views\Shop\detail.php(175): round(null, 1)
 2 SYSTEMPATH\View\View.php(226): include('C:\\xampp\\htdocs\\nyobaUAS\\app\\Views\\Shop\\detail.php')
 3 SYSTEMPATH\View\View.php(229): CodeIgniter\View\View->CodeIgniter\View\{closure}()
 4 SYSTEMPATH\Common.php(1167): CodeIgniter\View\View->render('Shop/detail', [], true)
 5 APPPATH\Controllers\Shop.php(109): view('Shop/detail', [...])
 6 SYSTEMPATH\CodeIgniter.php(933): App\Controllers\Shop->detail('steel-rebar-set')
 7 SYSTEMPATH\CodeIgniter.php(507): CodeIgniter\CodeIgniter->runController(Object(App\Controllers\Shop))
 8 SYSTEMPATH\CodeIgniter.php(354): CodeIgniter\CodeIgniter->handleRequest(null, Object(Config\Cache), false)
 9 SYSTEMPATH\Boot.php(363): CodeIgniter\CodeIgniter->run()
10 SYSTEMPATH\Boot.php(68): CodeIgniter\Boot::runCodeIgniter(Object(CodeIgniter\CodeIgniter))
11 FCPATH\index.php(59): CodeIgniter\Boot::bootWeb(Object(Config\Paths))
12 SYSTEMPATH\rewrite.php(44): require_once('C:\\xampp\\htdocs\\nyobaUAS\\public\\index.php')
WARNING - 2025-11-30 10:03:32 --> [DEPRECATED] number_format(): Passing null to parameter #1 ($num) of type float is deprecated in APPPATH\Views\Shop\detail.php on line 179.
 1 APPPATH\Views\Shop\detail.php(179): number_format(null, 1)
 2 SYSTEMPATH\View\View.php(226): include('C:\\xampp\\htdocs\\nyobaUAS\\app\\Views\\Shop\\detail.php')
 3 SYSTEMPATH\View\View.php(229): CodeIgniter\View\View->CodeIgniter\View\{closure}()
 4 SYSTEMPATH\Common.php(1167): CodeIgniter\View\View->render('Shop/detail', [], true)
 5 APPPATH\Controllers\Shop.php(109): view('Shop/detail', [...])
 6 SYSTEMPATH\CodeIgniter.php(933): App\Controllers\Shop->detail('steel-rebar-set')
 7 SYSTEMPATH\CodeIgniter.php(507): CodeIgniter\CodeIgniter->runController(Object(App\Controllers\Shop))
 8 SYSTEMPATH\CodeIgniter.php(354): CodeIgniter\CodeIgniter->handleRequest(null, Object(Config\Cache), false)
 9 SYSTEMPATH\Boot.php(363): CodeIgniter\CodeIgniter->run()
10 SYSTEMPATH\Boot.php(68): CodeIgniter\Boot::runCodeIgniter(Object(CodeIgniter\CodeIgniter))
11 FCPATH\index.php(59): CodeIgniter\Boot::bootWeb(Object(Config\Paths))
12 SYSTEMPATH\rewrite.php(44): require_once('C:\\xampp\\htdocs\\nyobaUAS\\public\\index.php')
WARNING - 2025-11-30 10:03:32 --> [DEPRECATED] number_format(): Passing null to parameter #1 ($num) of type float is deprecated in APPPATH\Views\Shop\detail.php on line 232.
 1 APPPATH\Views\Shop\detail.php(232): number_format(null, 1)
 2 SYSTEMPATH\View\View.php(226): include('C:\\xampp\\htdocs\\nyobaUAS\\app\\Views\\Shop\\detail.php')
 3 SYSTEMPATH\View\View.php(229): CodeIgniter\View\View->CodeIgniter\View\{closure}()
 4 SYSTEMPATH\Common.php(1167): CodeIgniter\View\View->render('Shop/detail', [], true)
 5 APPPATH\Controllers\Shop.php(109): view('Shop/detail', [...])
 6 SYSTEMPATH\CodeIgniter.php(933): App\Controllers\Shop->detail('steel-rebar-set')
 7 SYSTEMPATH\CodeIgniter.php(507): CodeIgniter\CodeIgniter->runController(Object(App\Controllers\Shop))
 8 SYSTEMPATH\CodeIgniter.php(354): CodeIgniter\CodeIgniter->handleRequest(null, Object(Config\Cache), false)
 9 SYSTEMPATH\Boot.php(363): CodeIgniter\CodeIgniter->run()
10 SYSTEMPATH\Boot.php(68): CodeIgniter\Boot::runCodeIgniter(Object(CodeIgniter\CodeIgniter))
11 FCPATH\index.php(59): CodeIgniter\Boot::bootWeb(Object(Config\Paths))
12 SYSTEMPATH\rewrite.php(44): require_once('C:\\xampp\\htdocs\\nyobaUAS\\public\\index.php')
WARNING - 2025-11-30 10:03:32 --> [DEPRECATED] round(): Passing null to parameter #1 ($num) of type int|float is deprecated in APPPATH\Views\Shop\detail.php on line 235.
 1 APPPATH\Views\Shop\detail.php(235): round(null, 1)
 2 SYSTEMPATH\View\View.php(226): include('C:\\xampp\\htdocs\\nyobaUAS\\app\\Views\\Shop\\detail.php')
 3 SYSTEMPATH\View\View.php(229): CodeIgniter\View\View->CodeIgniter\View\{closure}()
 4 SYSTEMPATH\Common.php(1167): CodeIgniter\View\View->render('Shop/detail', [], true)
 5 APPPATH\Controllers\Shop.php(109): view('Shop/detail', [...])
 6 SYSTEMPATH\CodeIgniter.php(933): App\Controllers\Shop->detail('steel-rebar-set')
 7 SYSTEMPATH\CodeIgniter.php(507): CodeIgniter\CodeIgniter->runController(Object(App\Controllers\Shop))
 8 SYSTEMPATH\CodeIgniter.php(354): CodeIgniter\CodeIgniter->handleRequest(null, Object(Config\Cache), false)
 9 SYSTEMPATH\Boot.php(363): CodeIgniter\CodeIgniter->run()
10 SYSTEMPATH\Boot.php(68): CodeIgniter\Boot::runCodeIgniter(Object(CodeIgniter\CodeIgniter))
11 FCPATH\index.php(59): CodeIgniter\Boot::bootWeb(Object(Config\Paths))
12 SYSTEMPATH\rewrite.php(44): require_once('C:\\xampp\\htdocs\\nyobaUAS\\public\\index.php')
DEBUG - 2025-11-30 10:03:35 --> Session: Class initialized using 'CodeIgniter\Session\Handlers\FileHandler' driver.
DEBUG - 2025-11-30 10:03:35 --> Session: Class initialized using 'CodeIgniter\Session\Handlers\FileHandler' driver.
WARNING - 2025-11-30 10:03:43 --> [DEPRECATED] round(): Passing null to parameter #1 ($num) of type int|float is deprecated in APPPATH\Views\Shop\detail.php on line 175.
 1 APPPATH\Views\Shop\detail.php(175): round(null, 1)
 2 SYSTEMPATH\View\View.php(226): include('C:\\xampp\\htdocs\\nyobaUAS\\app\\Views\\Shop\\detail.php')
 3 SYSTEMPATH\View\View.php(229): CodeIgniter\View\View->CodeIgniter\View\{closure}()
 4 SYSTEMPATH\Common.php(1167): CodeIgniter\View\View->render('Shop/detail', [], true)
 5 APPPATH\Controllers\Shop.php(109): view('Shop/detail', [...])
 6 SYSTEMPATH\CodeIgniter.php(933): App\Controllers\Shop->detail('high-grade-sand-25kg')
 7 SYSTEMPATH\CodeIgniter.php(507): CodeIgniter\CodeIgniter->runController(Object(App\Controllers\Shop))
 8 SYSTEMPATH\CodeIgniter.php(354): CodeIgniter\CodeIgniter->handleRequest(null, Object(Config\Cache), false)
 9 SYSTEMPATH\Boot.php(363): CodeIgniter\CodeIgniter->run()
10 SYSTEMPATH\Boot.php(68): CodeIgniter\Boot::runCodeIgniter(Object(CodeIgniter\CodeIgniter))
11 FCPATH\index.php(59): CodeIgniter\Boot::bootWeb(Object(Config\Paths))
12 SYSTEMPATH\rewrite.php(44): require_once('C:\\xampp\\htdocs\\nyobaUAS\\public\\index.php')
WARNING - 2025-11-30 10:03:43 --> [DEPRECATED] number_format(): Passing null to parameter #1 ($num) of type float is deprecated in APPPATH\Views\Shop\detail.php on line 179.
 1 APPPATH\Views\Shop\detail.php(179): number_format(null, 1)
 2 SYSTEMPATH\View\View.php(226): include('C:\\xampp\\htdocs\\nyobaUAS\\app\\Views\\Shop\\detail.php')
 3 SYSTEMPATH\View\View.php(229): CodeIgniter\View\View->CodeIgniter\View\{closure}()
 4 SYSTEMPATH\Common.php(1167): CodeIgniter\View\View->render('Shop/detail', [], true)
 5 APPPATH\Controllers\Shop.php(109): view('Shop/detail', [...])
 6 SYSTEMPATH\CodeIgniter.php(933): App\Controllers\Shop->detail('high-grade-sand-25kg')
 7 SYSTEMPATH\CodeIgniter.php(507): CodeIgniter\CodeIgniter->runController(Object(App\Controllers\Shop))
 8 SYSTEMPATH\CodeIgniter.php(354): CodeIgniter\CodeIgniter->handleRequest(null, Object(Config\Cache), false)
 9 SYSTEMPATH\Boot.php(363): CodeIgniter\CodeIgniter->run()
10 SYSTEMPATH\Boot.php(68): CodeIgniter\Boot::runCodeIgniter(Object(CodeIgniter\CodeIgniter))
11 FCPATH\index.php(59): CodeIgniter\Boot::bootWeb(Object(Config\Paths))
12 SYSTEMPATH\rewrite.php(44): require_once('C:\\xampp\\htdocs\\nyobaUAS\\public\\index.php')
WARNING - 2025-11-30 10:03:43 --> [DEPRECATED] number_format(): Passing null to parameter #1 ($num) of type float is deprecated in APPPATH\Views\Shop\detail.php on line 232.
 1 APPPATH\Views\Shop\detail.php(232): number_format(null, 1)
 2 SYSTEMPATH\View\View.php(226): include('C:\\xampp\\htdocs\\nyobaUAS\\app\\Views\\Shop\\detail.php')
 3 SYSTEMPATH\View\View.php(229): CodeIgniter\View\View->CodeIgniter\View\{closure}()
 4 SYSTEMPATH\Common.php(1167): CodeIgniter\View\View->render('Shop/detail', [], true)
 5 APPPATH\Controllers\Shop.php(109): view('Shop/detail', [...])
 6 SYSTEMPATH\CodeIgniter.php(933): App\Controllers\Shop->detail('high-grade-sand-25kg')
 7 SYSTEMPATH\CodeIgniter.php(507): CodeIgniter\CodeIgniter->runController(Object(App\Controllers\Shop))
 8 SYSTEMPATH\CodeIgniter.php(354): CodeIgniter\CodeIgniter->handleRequest(null, Object(Config\Cache), false)
 9 SYSTEMPATH\Boot.php(363): CodeIgniter\CodeIgniter->run()
10 SYSTEMPATH\Boot.php(68): CodeIgniter\Boot::runCodeIgniter(Object(CodeIgniter\CodeIgniter))
11 FCPATH\index.php(59): CodeIgniter\Boot::bootWeb(Object(Config\Paths))
12 SYSTEMPATH\rewrite.php(44): require_once('C:\\xampp\\htdocs\\nyobaUAS\\public\\index.php')
WARNING - 2025-11-30 10:03:43 --> [DEPRECATED] round(): Passing null to parameter #1 ($num) of type int|float is deprecated in APPPATH\Views\Shop\detail.php on line 235.
 1 APPPATH\Views\Shop\detail.php(235): round(null, 1)
 2 SYSTEMPATH\View\View.php(226): include('C:\\xampp\\htdocs\\nyobaUAS\\app\\Views\\Shop\\detail.php')
 3 SYSTEMPATH\View\View.php(229): CodeIgniter\View\View->CodeIgniter\View\{closure}()
 4 SYSTEMPATH\Common.php(1167): CodeIgniter\View\View->render('Shop/detail', [], true)
 5 APPPATH\Controllers\Shop.php(109): view('Shop/detail', [...])
 6 SYSTEMPATH\CodeIgniter.php(933): App\Controllers\Shop->detail('high-grade-sand-25kg')
 7 SYSTEMPATH\CodeIgniter.php(507): CodeIgniter\CodeIgniter->runController(Object(App\Controllers\Shop))
 8 SYSTEMPATH\CodeIgniter.php(354): CodeIgniter\CodeIgniter->handleRequest(null, Object(Config\Cache), false)
 9 SYSTEMPATH\Boot.php(363): CodeIgniter\CodeIgniter->run()
10 SYSTEMPATH\Boot.php(68): CodeIgniter\Boot::runCodeIgniter(Object(CodeIgniter\CodeIgniter))
11 FCPATH\index.php(59): CodeIgniter\Boot::bootWeb(Object(Config\Paths))
12 SYSTEMPATH\rewrite.php(44): require_once('C:\\xampp\\htdocs\\nyobaUAS\\public\\index.php')
DEBUG - 2025-11-30 10:03:47 --> Session: Class initialized using 'CodeIgniter\Session\Handlers\FileHandler' driver.
DEBUG - 2025-11-30 10:03:47 --> Session: Class initialized using 'CodeIgniter\Session\Handlers\FileHandler' driver.
DEBUG - 2025-11-30 10:04:51 --> Session: Class initialized using 'CodeIgniter\Session\Handlers\FileHandler' driver.
DEBUG - 2025-11-30 10:04:52 --> Session: Class initialized using 'CodeIgniter\Session\Handlers\FileHandler' driver.
DEBUG - 2025-11-30 10:04:55 --> Session: Class initialized using 'CodeIgniter\Session\Handlers\FileHandler' driver.
DEBUG - 2025-11-30 10:04:55 --> Session: Class initialized using 'CodeIgniter\Session\Handlers\FileHandler' driver.
DEBUG - 2025-11-30 10:05:03 --> Session: Class initialized using 'CodeIgniter\Session\Handlers\FileHandler' driver.
DEBUG - 2025-11-30 10:05:03 --> Session: Class initialized using 'CodeIgniter\Session\Handlers\FileHandler' driver.
DEBUG - 2025-11-30 10:05:06 --> Session: Class initialized using 'CodeIgniter\Session\Handlers\FileHandler' driver.
DEBUG - 2025-11-30 10:05:06 --> Session: Class initialized using 'CodeIgniter\Session\Handlers\FileHandler' driver.
WARNING - 2025-11-30 10:05:14 --> [DEPRECATED] round(): Passing null to parameter #1 ($num) of type int|float is deprecated in APPPATH\Views\Shop\detail.php on line 175.
 1 APPPATH\Views\Shop\detail.php(175): round(null, 1)
 2 SYSTEMPATH\View\View.php(226): include('C:\\xampp\\htdocs\\nyobaUAS\\app\\Views\\Shop\\detail.php')
 3 SYSTEMPATH\View\View.php(229): CodeIgniter\View\View->CodeIgniter\View\{closure}()
 4 SYSTEMPATH\Common.php(1167): CodeIgniter\View\View->render('Shop/detail', [], true)
 5 APPPATH\Controllers\Shop.php(109): view('Shop/detail', [...])
 6 SYSTEMPATH\CodeIgniter.php(933): App\Controllers\Shop->detail('premium-portland-cement')
 7 SYSTEMPATH\CodeIgniter.php(507): CodeIgniter\CodeIgniter->runController(Object(App\Controllers\Shop))
 8 SYSTEMPATH\CodeIgniter.php(354): CodeIgniter\CodeIgniter->handleRequest(null, Object(Config\Cache), false)
 9 SYSTEMPATH\Boot.php(363): CodeIgniter\CodeIgniter->run()
10 SYSTEMPATH\Boot.php(68): CodeIgniter\Boot::runCodeIgniter(Object(CodeIgniter\CodeIgniter))
11 FCPATH\index.php(59): CodeIgniter\Boot::bootWeb(Object(Config\Paths))
12 SYSTEMPATH\rewrite.php(44): require_once('C:\\xampp\\htdocs\\nyobaUAS\\public\\index.php')
WARNING - 2025-11-30 10:05:14 --> [DEPRECATED] number_format(): Passing null to parameter #1 ($num) of type float is deprecated in APPPATH\Views\Shop\detail.php on line 179.
 1 APPPATH\Views\Shop\detail.php(179): number_format(null, 1)
 2 SYSTEMPATH\View\View.php(226): include('C:\\xampp\\htdocs\\nyobaUAS\\app\\Views\\Shop\\detail.php')
 3 SYSTEMPATH\View\View.php(229): CodeIgniter\View\View->CodeIgniter\View\{closure}()
 4 SYSTEMPATH\Common.php(1167): CodeIgniter\View\View->render('Shop/detail', [], true)
 5 APPPATH\Controllers\Shop.php(109): view('Shop/detail', [...])
 6 SYSTEMPATH\CodeIgniter.php(933): App\Controllers\Shop->detail('premium-portland-cement')
 7 SYSTEMPATH\CodeIgniter.php(507): CodeIgniter\CodeIgniter->runController(Object(App\Controllers\Shop))
 8 SYSTEMPATH\CodeIgniter.php(354): CodeIgniter\CodeIgniter->handleRequest(null, Object(Config\Cache), false)
 9 SYSTEMPATH\Boot.php(363): CodeIgniter\CodeIgniter->run()
10 SYSTEMPATH\Boot.php(68): CodeIgniter\Boot::runCodeIgniter(Object(CodeIgniter\CodeIgniter))
11 FCPATH\index.php(59): CodeIgniter\Boot::bootWeb(Object(Config\Paths))
12 SYSTEMPATH\rewrite.php(44): require_once('C:\\xampp\\htdocs\\nyobaUAS\\public\\index.php')
WARNING - 2025-11-30 10:05:14 --> [DEPRECATED] number_format(): Passing null to parameter #1 ($num) of type float is deprecated in APPPATH\Views\Shop\detail.php on line 232.
 1 APPPATH\Views\Shop\detail.php(232): number_format(null, 1)
 2 SYSTEMPATH\View\View.php(226): include('C:\\xampp\\htdocs\\nyobaUAS\\app\\Views\\Shop\\detail.php')
 3 SYSTEMPATH\View\View.php(229): CodeIgniter\View\View->CodeIgniter\View\{closure}()
 4 SYSTEMPATH\Common.php(1167): CodeIgniter\View\View->render('Shop/detail', [], true)
 5 APPPATH\Controllers\Shop.php(109): view('Shop/detail', [...])
 6 SYSTEMPATH\CodeIgniter.php(933): App\Controllers\Shop->detail('premium-portland-cement')
 7 SYSTEMPATH\CodeIgniter.php(507): CodeIgniter\CodeIgniter->runController(Object(App\Controllers\Shop))
 8 SYSTEMPATH\CodeIgniter.php(354): CodeIgniter\CodeIgniter->handleRequest(null, Object(Config\Cache), false)
 9 SYSTEMPATH\Boot.php(363): CodeIgniter\CodeIgniter->run()
10 SYSTEMPATH\Boot.php(68): CodeIgniter\Boot::runCodeIgniter(Object(CodeIgniter\CodeIgniter))
11 FCPATH\index.php(59): CodeIgniter\Boot::bootWeb(Object(Config\Paths))
12 SYSTEMPATH\rewrite.php(44): require_once('C:\\xampp\\htdocs\\nyobaUAS\\public\\index.php')
WARNING - 2025-11-30 10:05:14 --> [DEPRECATED] round(): Passing null to parameter #1 ($num) of type int|float is deprecated in APPPATH\Views\Shop\detail.php on line 235.
 1 APPPATH\Views\Shop\detail.php(235): round(null, 1)
 2 SYSTEMPATH\View\View.php(226): include('C:\\xampp\\htdocs\\nyobaUAS\\app\\Views\\Shop\\detail.php')
 3 SYSTEMPATH\View\View.php(229): CodeIgniter\View\View->CodeIgniter\View\{closure}()
 4 SYSTEMPATH\Common.php(1167): CodeIgniter\View\View->render('Shop/detail', [], true)
 5 APPPATH\Controllers\Shop.php(109): view('Shop/detail', [...])
 6 SYSTEMPATH\CodeIgniter.php(933): App\Controllers\Shop->detail('premium-portland-cement')
 7 SYSTEMPATH\CodeIgniter.php(507): CodeIgniter\CodeIgniter->runController(Object(App\Controllers\Shop))
 8 SYSTEMPATH\CodeIgniter.php(354): CodeIgniter\CodeIgniter->handleRequest(null, Object(Config\Cache), false)
 9 SYSTEMPATH\Boot.php(363): CodeIgniter\CodeIgniter->run()
10 SYSTEMPATH\Boot.php(68): CodeIgniter\Boot::runCodeIgniter(Object(CodeIgniter\CodeIgniter))
11 FCPATH\index.php(59): CodeIgniter\Boot::bootWeb(Object(Config\Paths))
12 SYSTEMPATH\rewrite.php(44): require_once('C:\\xampp\\htdocs\\nyobaUAS\\public\\index.php')
DEBUG - 2025-11-30 10:05:16 --> Session: Class initialized using 'CodeIgniter\Session\Handlers\FileHandler' driver.
DEBUG - 2025-11-30 10:05:17 --> Session: Class initialized using 'CodeIgniter\Session\Handlers\FileHandler' driver.
DEBUG - 2025-11-30 10:05:20 --> Session: Class initialized using 'CodeIgniter\Session\Handlers\FileHandler' driver.
DEBUG - 2025-11-30 10:05:21 --> Session: Class initialized using 'CodeIgniter\Session\Handlers\FileHandler' driver.
DEBUG - 2025-11-30 10:05:23 --> Session: Class initialized using 'CodeIgniter\Session\Handlers\FileHandler' driver.
DEBUG - 2025-11-30 10:05:24 --> Session: Class initialized using 'CodeIgniter\Session\Handlers\FileHandler' driver.
WARNING - 2025-11-30 10:05:31 --> [DEPRECATED] round(): Passing null to parameter #1 ($num) of type int|float is deprecated in APPPATH\Views\Shop\detail.php on line 175.
 1 APPPATH\Views\Shop\detail.php(175): round(null, 1)
 2 SYSTEMPATH\View\View.php(226): include('C:\\xampp\\htdocs\\nyobaUAS\\app\\Views\\Shop\\detail.php')
 3 SYSTEMPATH\View\View.php(229): CodeIgniter\View\View->CodeIgniter\View\{closure}()
 4 SYSTEMPATH\Common.php(1167): CodeIgniter\View\View->render('Shop/detail', [], true)
 5 APPPATH\Controllers\Shop.php(109): view('Shop/detail', [...])
 6 SYSTEMPATH\CodeIgniter.php(933): App\Controllers\Shop->detail('premium-portland-cement')
 7 SYSTEMPATH\CodeIgniter.php(507): CodeIgniter\CodeIgniter->runController(Object(App\Controllers\Shop))
 8 SYSTEMPATH\CodeIgniter.php(354): CodeIgniter\CodeIgniter->handleRequest(null, Object(Config\Cache), false)
 9 SYSTEMPATH\Boot.php(363): CodeIgniter\CodeIgniter->run()
10 SYSTEMPATH\Boot.php(68): CodeIgniter\Boot::runCodeIgniter(Object(CodeIgniter\CodeIgniter))
11 FCPATH\index.php(59): CodeIgniter\Boot::bootWeb(Object(Config\Paths))
12 SYSTEMPATH\rewrite.php(44): require_once('C:\\xampp\\htdocs\\nyobaUAS\\public\\index.php')
WARNING - 2025-11-30 10:05:31 --> [DEPRECATED] number_format(): Passing null to parameter #1 ($num) of type float is deprecated in APPPATH\Views\Shop\detail.php on line 179.
 1 APPPATH\Views\Shop\detail.php(179): number_format(null, 1)
 2 SYSTEMPATH\View\View.php(226): include('C:\\xampp\\htdocs\\nyobaUAS\\app\\Views\\Shop\\detail.php')
 3 SYSTEMPATH\View\View.php(229): CodeIgniter\View\View->CodeIgniter\View\{closure}()
 4 SYSTEMPATH\Common.php(1167): CodeIgniter\View\View->render('Shop/detail', [], true)
 5 APPPATH\Controllers\Shop.php(109): view('Shop/detail', [...])
 6 SYSTEMPATH\CodeIgniter.php(933): App\Controllers\Shop->detail('premium-portland-cement')
 7 SYSTEMPATH\CodeIgniter.php(507): CodeIgniter\CodeIgniter->runController(Object(App\Controllers\Shop))
 8 SYSTEMPATH\CodeIgniter.php(354): CodeIgniter\CodeIgniter->handleRequest(null, Object(Config\Cache), false)
 9 SYSTEMPATH\Boot.php(363): CodeIgniter\CodeIgniter->run()
10 SYSTEMPATH\Boot.php(68): CodeIgniter\Boot::runCodeIgniter(Object(CodeIgniter\CodeIgniter))
11 FCPATH\index.php(59): CodeIgniter\Boot::bootWeb(Object(Config\Paths))
12 SYSTEMPATH\rewrite.php(44): require_once('C:\\xampp\\htdocs\\nyobaUAS\\public\\index.php')
WARNING - 2025-11-30 10:05:31 --> [DEPRECATED] number_format(): Passing null to parameter #1 ($num) of type float is deprecated in APPPATH\Views\Shop\detail.php on line 232.
 1 APPPATH\Views\Shop\detail.php(232): number_format(null, 1)
 2 SYSTEMPATH\View\View.php(226): include('C:\\xampp\\htdocs\\nyobaUAS\\app\\Views\\Shop\\detail.php')
 3 SYSTEMPATH\View\View.php(229): CodeIgniter\View\View->CodeIgniter\View\{closure}()
 4 SYSTEMPATH\Common.php(1167): CodeIgniter\View\View->render('Shop/detail', [], true)
 5 APPPATH\Controllers\Shop.php(109): view('Shop/detail', [...])
 6 SYSTEMPATH\CodeIgniter.php(933): App\Controllers\Shop->detail('premium-portland-cement')
 7 SYSTEMPATH\CodeIgniter.php(507): CodeIgniter\CodeIgniter->runController(Object(App\Controllers\Shop))
 8 SYSTEMPATH\CodeIgniter.php(354): CodeIgniter\CodeIgniter->handleRequest(null, Object(Config\Cache), false)
 9 SYSTEMPATH\Boot.php(363): CodeIgniter\CodeIgniter->run()
10 SYSTEMPATH\Boot.php(68): CodeIgniter\Boot::runCodeIgniter(Object(CodeIgniter\CodeIgniter))
11 FCPATH\index.php(59): CodeIgniter\Boot::bootWeb(Object(Config\Paths))
12 SYSTEMPATH\rewrite.php(44): require_once('C:\\xampp\\htdocs\\nyobaUAS\\public\\index.php')
WARNING - 2025-11-30 10:05:31 --> [DEPRECATED] round(): Passing null to parameter #1 ($num) of type int|float is deprecated in APPPATH\Views\Shop\detail.php on line 235.
 1 APPPATH\Views\Shop\detail.php(235): round(null, 1)
 2 SYSTEMPATH\View\View.php(226): include('C:\\xampp\\htdocs\\nyobaUAS\\app\\Views\\Shop\\detail.php')
 3 SYSTEMPATH\View\View.php(229): CodeIgniter\View\View->CodeIgniter\View\{closure}()
 4 SYSTEMPATH\Common.php(1167): CodeIgniter\View\View->render('Shop/detail', [], true)
 5 APPPATH\Controllers\Shop.php(109): view('Shop/detail', [...])
 6 SYSTEMPATH\CodeIgniter.php(933): App\Controllers\Shop->detail('premium-portland-cement')
 7 SYSTEMPATH\CodeIgniter.php(507): CodeIgniter\CodeIgniter->runController(Object(App\Controllers\Shop))
 8 SYSTEMPATH\CodeIgniter.php(354): CodeIgniter\CodeIgniter->handleRequest(null, Object(Config\Cache), false)
 9 SYSTEMPATH\Boot.php(363): CodeIgniter\CodeIgniter->run()
10 SYSTEMPATH\Boot.php(68): CodeIgniter\Boot::runCodeIgniter(Object(CodeIgniter\CodeIgniter))
11 FCPATH\index.php(59): CodeIgniter\Boot::bootWeb(Object(Config\Paths))
12 SYSTEMPATH\rewrite.php(44): require_once('C:\\xampp\\htdocs\\nyobaUAS\\public\\index.php')
DEBUG - 2025-11-30 10:05:34 --> Session: Class initialized using 'CodeIgniter\Session\Handlers\FileHandler' driver.
DEBUG - 2025-11-30 10:05:35 --> Session: Class initialized using 'CodeIgniter\Session\Handlers\FileHandler' driver.
WARNING - 2025-11-30 10:05:42 --> [DEPRECATED] round(): Passing null to parameter #1 ($num) of type int|float is deprecated in APPPATH\Views\Shop\detail.php on line 175.
 1 APPPATH\Views\Shop\detail.php(175): round(null, 1)
 2 SYSTEMPATH\View\View.php(226): include('C:\\xampp\\htdocs\\nyobaUAS\\app\\Views\\Shop\\detail.php')
 3 SYSTEMPATH\View\View.php(229): CodeIgniter\View\View->CodeIgniter\View\{closure}()
 4 SYSTEMPATH\Common.php(1167): CodeIgniter\View\View->render('Shop/detail', [], true)
 5 APPPATH\Controllers\Shop.php(109): view('Shop/detail', [...])
 6 SYSTEMPATH\CodeIgniter.php(933): App\Controllers\Shop->detail('adjustable-pipe-wrench')
 7 SYSTEMPATH\CodeIgniter.php(507): CodeIgniter\CodeIgniter->runController(Object(App\Controllers\Shop))
 8 SYSTEMPATH\CodeIgniter.php(354): CodeIgniter\CodeIgniter->handleRequest(null, Object(Config\Cache), false)
 9 SYSTEMPATH\Boot.php(363): CodeIgniter\CodeIgniter->run()
10 SYSTEMPATH\Boot.php(68): CodeIgniter\Boot::runCodeIgniter(Object(CodeIgniter\CodeIgniter))
11 FCPATH\index.php(59): CodeIgniter\Boot::bootWeb(Object(Config\Paths))
12 SYSTEMPATH\rewrite.php(44): require_once('C:\\xampp\\htdocs\\nyobaUAS\\public\\index.php')
WARNING - 2025-11-30 10:05:42 --> [DEPRECATED] number_format(): Passing null to parameter #1 ($num) of type float is deprecated in APPPATH\Views\Shop\detail.php on line 179.
 1 APPPATH\Views\Shop\detail.php(179): number_format(null, 1)
 2 SYSTEMPATH\View\View.php(226): include('C:\\xampp\\htdocs\\nyobaUAS\\app\\Views\\Shop\\detail.php')
 3 SYSTEMPATH\View\View.php(229): CodeIgniter\View\View->CodeIgniter\View\{closure}()
 4 SYSTEMPATH\Common.php(1167): CodeIgniter\View\View->render('Shop/detail', [], true)
 5 APPPATH\Controllers\Shop.php(109): view('Shop/detail', [...])
 6 SYSTEMPATH\CodeIgniter.php(933): App\Controllers\Shop->detail('adjustable-pipe-wrench')
 7 SYSTEMPATH\CodeIgniter.php(507): CodeIgniter\CodeIgniter->runController(Object(App\Controllers\Shop))
 8 SYSTEMPATH\CodeIgniter.php(354): CodeIgniter\CodeIgniter->handleRequest(null, Object(Config\Cache), false)
 9 SYSTEMPATH\Boot.php(363): CodeIgniter\CodeIgniter->run()
10 SYSTEMPATH\Boot.php(68): CodeIgniter\Boot::runCodeIgniter(Object(CodeIgniter\CodeIgniter))
11 FCPATH\index.php(59): CodeIgniter\Boot::bootWeb(Object(Config\Paths))
12 SYSTEMPATH\rewrite.php(44): require_once('C:\\xampp\\htdocs\\nyobaUAS\\public\\index.php')
WARNING - 2025-11-30 10:05:42 --> [DEPRECATED] number_format(): Passing null to parameter #1 ($num) of type float is deprecated in APPPATH\Views\Shop\detail.php on line 232.
 1 APPPATH\Views\Shop\detail.php(232): number_format(null, 1)
 2 SYSTEMPATH\View\View.php(226): include('C:\\xampp\\htdocs\\nyobaUAS\\app\\Views\\Shop\\detail.php')
 3 SYSTEMPATH\View\View.php(229): CodeIgniter\View\View->CodeIgniter\View\{closure}()
 4 SYSTEMPATH\Common.php(1167): CodeIgniter\View\View->render('Shop/detail', [], true)
 5 APPPATH\Controllers\Shop.php(109): view('Shop/detail', [...])
 6 SYSTEMPATH\CodeIgniter.php(933): App\Controllers\Shop->detail('adjustable-pipe-wrench')
 7 SYSTEMPATH\CodeIgniter.php(507): CodeIgniter\CodeIgniter->runController(Object(App\Controllers\Shop))
 8 SYSTEMPATH\CodeIgniter.php(354): CodeIgniter\CodeIgniter->handleRequest(null, Object(Config\Cache), false)
 9 SYSTEMPATH\Boot.php(363): CodeIgniter\CodeIgniter->run()
10 SYSTEMPATH\Boot.php(68): CodeIgniter\Boot::runCodeIgniter(Object(CodeIgniter\CodeIgniter))
11 FCPATH\index.php(59): CodeIgniter\Boot::bootWeb(Object(Config\Paths))
12 SYSTEMPATH\rewrite.php(44): require_once('C:\\xampp\\htdocs\\nyobaUAS\\public\\index.php')
WARNING - 2025-11-30 10:05:42 --> [DEPRECATED] round(): Passing null to parameter #1 ($num) of type int|float is deprecated in APPPATH\Views\Shop\detail.php on line 235.
 1 APPPATH\Views\Shop\detail.php(235): round(null, 1)
 2 SYSTEMPATH\View\View.php(226): include('C:\\xampp\\htdocs\\nyobaUAS\\app\\Views\\Shop\\detail.php')
 3 SYSTEMPATH\View\View.php(229): CodeIgniter\View\View->CodeIgniter\View\{closure}()
 4 SYSTEMPATH\Common.php(1167): CodeIgniter\View\View->render('Shop/detail', [], true)
 5 APPPATH\Controllers\Shop.php(109): view('Shop/detail', [...])
 6 SYSTEMPATH\CodeIgniter.php(933): App\Controllers\Shop->detail('adjustable-pipe-wrench')
 7 SYSTEMPATH\CodeIgniter.php(507): CodeIgniter\CodeIgniter->runController(Object(App\Controllers\Shop))
 8 SYSTEMPATH\CodeIgniter.php(354): CodeIgniter\CodeIgniter->handleRequest(null, Object(Config\Cache), false)
 9 SYSTEMPATH\Boot.php(363): CodeIgniter\CodeIgniter->run()
10 SYSTEMPATH\Boot.php(68): CodeIgniter\Boot::runCodeIgniter(Object(CodeIgniter\CodeIgniter))
11 FCPATH\index.php(59): CodeIgniter\Boot::bootWeb(Object(Config\Paths))
12 SYSTEMPATH\rewrite.php(44): require_once('C:\\xampp\\htdocs\\nyobaUAS\\public\\index.php')
DEBUG - 2025-11-30 10:05:47 --> Session: Class initialized using 'CodeIgniter\Session\Handlers\FileHandler' driver.
DEBUG - 2025-11-30 10:05:47 --> Session: Class initialized using 'CodeIgniter\Session\Handlers\FileHandler' driver.
DEBUG - 2025-11-30 10:06:03 --> Session: Class initialized using 'CodeIgniter\Session\Handlers\FileHandler' driver.
DEBUG - 2025-11-30 10:06:04 --> Session: Class initialized using 'CodeIgniter\Session\Handlers\FileHandler' driver.
DEBUG - 2025-11-30 10:06:19 --> Session: Class initialized using 'CodeIgniter\Session\Handlers\FileHandler' driver.
DEBUG - 2025-11-30 10:06:26 --> Session: Class initialized using 'CodeIgniter\Session\Handlers\FileHandler' driver.
DEBUG - 2025-11-30 10:07:23 --> Session: Class initialized using 'CodeIgniter\Session\Handlers\FileHandler' driver.
DEBUG - 2025-11-30 10:07:29 --> Session: Class initialized using 'CodeIgniter\Session\Handlers\FileHandler' driver.
WARNING - 2025-11-30 10:08:27 --> [DEPRECATED] round(): Passing null to parameter #1 ($num) of type int|float is deprecated in APPPATH\Views\Shop\detail.php on line 175.
 1 APPPATH\Views\Shop\detail.php(175): round(null, 1)
 2 SYSTEMPATH\View\View.php(226): include('C:\\xampp\\htdocs\\nyobaUAS\\app\\Views\\Shop\\detail.php')
 3 SYSTEMPATH\View\View.php(229): CodeIgniter\View\View->CodeIgniter\View\{closure}()
 4 SYSTEMPATH\Common.php(1167): CodeIgniter\View\View->render('Shop/detail', [], true)
 5 APPPATH\Controllers\Shop.php(109): view('Shop/detail', [...])
 6 SYSTEMPATH\CodeIgniter.php(933): App\Controllers\Shop->detail('premium-portland-cement')
 7 SYSTEMPATH\CodeIgniter.php(507): CodeIgniter\CodeIgniter->runController(Object(App\Controllers\Shop))
 8 SYSTEMPATH\CodeIgniter.php(354): CodeIgniter\CodeIgniter->handleRequest(null, Object(Config\Cache), false)
 9 SYSTEMPATH\Boot.php(363): CodeIgniter\CodeIgniter->run()
10 SYSTEMPATH\Boot.php(68): CodeIgniter\Boot::runCodeIgniter(Object(CodeIgniter\CodeIgniter))
11 FCPATH\index.php(59): CodeIgniter\Boot::bootWeb(Object(Config\Paths))
12 SYSTEMPATH\rewrite.php(44): require_once('C:\\xampp\\htdocs\\nyobaUAS\\public\\index.php')
WARNING - 2025-11-30 10:08:27 --> [DEPRECATED] number_format(): Passing null to parameter #1 ($num) of type float is deprecated in APPPATH\Views\Shop\detail.php on line 179.
 1 APPPATH\Views\Shop\detail.php(179): number_format(null, 1)
 2 SYSTEMPATH\View\View.php(226): include('C:\\xampp\\htdocs\\nyobaUAS\\app\\Views\\Shop\\detail.php')
 3 SYSTEMPATH\View\View.php(229): CodeIgniter\View\View->CodeIgniter\View\{closure}()
 4 SYSTEMPATH\Common.php(1167): CodeIgniter\View\View->render('Shop/detail', [], true)
 5 APPPATH\Controllers\Shop.php(109): view('Shop/detail', [...])
 6 SYSTEMPATH\CodeIgniter.php(933): App\Controllers\Shop->detail('premium-portland-cement')
 7 SYSTEMPATH\CodeIgniter.php(507): CodeIgniter\CodeIgniter->runController(Object(App\Controllers\Shop))
 8 SYSTEMPATH\CodeIgniter.php(354): CodeIgniter\CodeIgniter->handleRequest(null, Object(Config\Cache), false)
 9 SYSTEMPATH\Boot.php(363): CodeIgniter\CodeIgniter->run()
10 SYSTEMPATH\Boot.php(68): CodeIgniter\Boot::runCodeIgniter(Object(CodeIgniter\CodeIgniter))
11 FCPATH\index.php(59): CodeIgniter\Boot::bootWeb(Object(Config\Paths))
12 SYSTEMPATH\rewrite.php(44): require_once('C:\\xampp\\htdocs\\nyobaUAS\\public\\index.php')
WARNING - 2025-11-30 10:08:27 --> [DEPRECATED] number_format(): Passing null to parameter #1 ($num) of type float is deprecated in APPPATH\Views\Shop\detail.php on line 232.
 1 APPPATH\Views\Shop\detail.php(232): number_format(null, 1)
 2 SYSTEMPATH\View\View.php(226): include('C:\\xampp\\htdocs\\nyobaUAS\\app\\Views\\Shop\\detail.php')
 3 SYSTEMPATH\View\View.php(229): CodeIgniter\View\View->CodeIgniter\View\{closure}()
 4 SYSTEMPATH\Common.php(1167): CodeIgniter\View\View->render('Shop/detail', [], true)
 5 APPPATH\Controllers\Shop.php(109): view('Shop/detail', [...])
 6 SYSTEMPATH\CodeIgniter.php(933): App\Controllers\Shop->detail('premium-portland-cement')
 7 SYSTEMPATH\CodeIgniter.php(507): CodeIgniter\CodeIgniter->runController(Object(App\Controllers\Shop))
 8 SYSTEMPATH\CodeIgniter.php(354): CodeIgniter\CodeIgniter->handleRequest(null, Object(Config\Cache), false)
 9 SYSTEMPATH\Boot.php(363): CodeIgniter\CodeIgniter->run()
10 SYSTEMPATH\Boot.php(68): CodeIgniter\Boot::runCodeIgniter(Object(CodeIgniter\CodeIgniter))
11 FCPATH\index.php(59): CodeIgniter\Boot::bootWeb(Object(Config\Paths))
12 SYSTEMPATH\rewrite.php(44): require_once('C:\\xampp\\htdocs\\nyobaUAS\\public\\index.php')
WARNING - 2025-11-30 10:08:27 --> [DEPRECATED] round(): Passing null to parameter #1 ($num) of type int|float is deprecated in APPPATH\Views\Shop\detail.php on line 235.
 1 APPPATH\Views\Shop\detail.php(235): round(null, 1)
 2 SYSTEMPATH\View\View.php(226): include('C:\\xampp\\htdocs\\nyobaUAS\\app\\Views\\Shop\\detail.php')
 3 SYSTEMPATH\View\View.php(229): CodeIgniter\View\View->CodeIgniter\View\{closure}()
 4 SYSTEMPATH\Common.php(1167): CodeIgniter\View\View->render('Shop/detail', [], true)
 5 APPPATH\Controllers\Shop.php(109): view('Shop/detail', [...])
 6 SYSTEMPATH\CodeIgniter.php(933): App\Controllers\Shop->detail('premium-portland-cement')
 7 SYSTEMPATH\CodeIgniter.php(507): CodeIgniter\CodeIgniter->runController(Object(App\Controllers\Shop))
 8 SYSTEMPATH\CodeIgniter.php(354): CodeIgniter\CodeIgniter->handleRequest(null, Object(Config\Cache), false)
 9 SYSTEMPATH\Boot.php(363): CodeIgniter\CodeIgniter->run()
10 SYSTEMPATH\Boot.php(68): CodeIgniter\Boot::runCodeIgniter(Object(CodeIgniter\CodeIgniter))
11 FCPATH\index.php(59): CodeIgniter\Boot::bootWeb(Object(Config\Paths))
12 SYSTEMPATH\rewrite.php(44): require_once('C:\\xampp\\htdocs\\nyobaUAS\\public\\index.php')
WARNING - 2025-11-30 10:08:28 --> [DEPRECATED] round(): Passing null to parameter #1 ($num) of type int|float is deprecated in APPPATH\Views\Shop\detail.php on line 175.
 1 APPPATH\Views\Shop\detail.php(175): round(null, 1)
 2 SYSTEMPATH\View\View.php(226): include('C:\\xampp\\htdocs\\nyobaUAS\\app\\Views\\Shop\\detail.php')
 3 SYSTEMPATH\View\View.php(229): CodeIgniter\View\View->CodeIgniter\View\{closure}()
 4 SYSTEMPATH\Common.php(1167): CodeIgniter\View\View->render('Shop/detail', [], true)
 5 APPPATH\Controllers\Shop.php(109): view('Shop/detail', [...])
 6 SYSTEMPATH\CodeIgniter.php(933): App\Controllers\Shop->detail('premium-portland-cement')
 7 SYSTEMPATH\CodeIgniter.php(507): CodeIgniter\CodeIgniter->runController(Object(App\Controllers\Shop))
 8 SYSTEMPATH\CodeIgniter.php(354): CodeIgniter\CodeIgniter->handleRequest(null, Object(Config\Cache), false)
 9 SYSTEMPATH\Boot.php(363): CodeIgniter\CodeIgniter->run()
10 SYSTEMPATH\Boot.php(68): CodeIgniter\Boot::runCodeIgniter(Object(CodeIgniter\CodeIgniter))
11 FCPATH\index.php(59): CodeIgniter\Boot::bootWeb(Object(Config\Paths))
12 SYSTEMPATH\rewrite.php(44): require_once('C:\\xampp\\htdocs\\nyobaUAS\\public\\index.php')
WARNING - 2025-11-30 10:08:28 --> [DEPRECATED] number_format(): Passing null to parameter #1 ($num) of type float is deprecated in APPPATH\Views\Shop\detail.php on line 179.
 1 APPPATH\Views\Shop\detail.php(179): number_format(null, 1)
 2 SYSTEMPATH\View\View.php(226): include('C:\\xampp\\htdocs\\nyobaUAS\\app\\Views\\Shop\\detail.php')
 3 SYSTEMPATH\View\View.php(229): CodeIgniter\View\View->CodeIgniter\View\{closure}()
 4 SYSTEMPATH\Common.php(1167): CodeIgniter\View\View->render('Shop/detail', [], true)
 5 APPPATH\Controllers\Shop.php(109): view('Shop/detail', [...])
 6 SYSTEMPATH\CodeIgniter.php(933): App\Controllers\Shop->detail('premium-portland-cement')
 7 SYSTEMPATH\CodeIgniter.php(507): CodeIgniter\CodeIgniter->runController(Object(App\Controllers\Shop))
 8 SYSTEMPATH\CodeIgniter.php(354): CodeIgniter\CodeIgniter->handleRequest(null, Object(Config\Cache), false)
 9 SYSTEMPATH\Boot.php(363): CodeIgniter\CodeIgniter->run()
10 SYSTEMPATH\Boot.php(68): CodeIgniter\Boot::runCodeIgniter(Object(CodeIgniter\CodeIgniter))
11 FCPATH\index.php(59): CodeIgniter\Boot::bootWeb(Object(Config\Paths))
12 SYSTEMPATH\rewrite.php(44): require_once('C:\\xampp\\htdocs\\nyobaUAS\\public\\index.php')
WARNING - 2025-11-30 10:08:28 --> [DEPRECATED] number_format(): Passing null to parameter #1 ($num) of type float is deprecated in APPPATH\Views\Shop\detail.php on line 232.
 1 APPPATH\Views\Shop\detail.php(232): number_format(null, 1)
 2 SYSTEMPATH\View\View.php(226): include('C:\\xampp\\htdocs\\nyobaUAS\\app\\Views\\Shop\\detail.php')
 3 SYSTEMPATH\View\View.php(229): CodeIgniter\View\View->CodeIgniter\View\{closure}()
 4 SYSTEMPATH\Common.php(1167): CodeIgniter\View\View->render('Shop/detail', [], true)
 5 APPPATH\Controllers\Shop.php(109): view('Shop/detail', [...])
 6 SYSTEMPATH\CodeIgniter.php(933): App\Controllers\Shop->detail('premium-portland-cement')
 7 SYSTEMPATH\CodeIgniter.php(507): CodeIgniter\CodeIgniter->runController(Object(App\Controllers\Shop))
 8 SYSTEMPATH\CodeIgniter.php(354): CodeIgniter\CodeIgniter->handleRequest(null, Object(Config\Cache), false)
 9 SYSTEMPATH\Boot.php(363): CodeIgniter\CodeIgniter->run()
10 SYSTEMPATH\Boot.php(68): CodeIgniter\Boot::runCodeIgniter(Object(CodeIgniter\CodeIgniter))
11 FCPATH\index.php(59): CodeIgniter\Boot::bootWeb(Object(Config\Paths))
12 SYSTEMPATH\rewrite.php(44): require_once('C:\\xampp\\htdocs\\nyobaUAS\\public\\index.php')
WARNING - 2025-11-30 10:08:28 --> [DEPRECATED] round(): Passing null to parameter #1 ($num) of type int|float is deprecated in APPPATH\Views\Shop\detail.php on line 235.
 1 APPPATH\Views\Shop\detail.php(235): round(null, 1)
 2 SYSTEMPATH\View\View.php(226): include('C:\\xampp\\htdocs\\nyobaUAS\\app\\Views\\Shop\\detail.php')
 3 SYSTEMPATH\View\View.php(229): CodeIgniter\View\View->CodeIgniter\View\{closure}()
 4 SYSTEMPATH\Common.php(1167): CodeIgniter\View\View->render('Shop/detail', [], true)
 5 APPPATH\Controllers\Shop.php(109): view('Shop/detail', [...])
 6 SYSTEMPATH\CodeIgniter.php(933): App\Controllers\Shop->detail('premium-portland-cement')
 7 SYSTEMPATH\CodeIgniter.php(507): CodeIgniter\CodeIgniter->runController(Object(App\Controllers\Shop))
 8 SYSTEMPATH\CodeIgniter.php(354): CodeIgniter\CodeIgniter->handleRequest(null, Object(Config\Cache), false)
 9 SYSTEMPATH\Boot.php(363): CodeIgniter\CodeIgniter->run()
10 SYSTEMPATH\Boot.php(68): CodeIgniter\Boot::runCodeIgniter(Object(CodeIgniter\CodeIgniter))
11 FCPATH\index.php(59): CodeIgniter\Boot::bootWeb(Object(Config\Paths))
12 SYSTEMPATH\rewrite.php(44): require_once('C:\\xampp\\htdocs\\nyobaUAS\\public\\index.php')
DEBUG - 2025-11-30 10:08:30 --> Session: Class initialized using 'CodeIgniter\Session\Handlers\FileHandler' driver.
DEBUG - 2025-11-30 10:08:31 --> Session: Class initialized using 'CodeIgniter\Session\Handlers\FileHandler' driver.
DEBUG - 2025-11-30 10:08:34 --> Session: Class initialized using 'CodeIgniter\Session\Handlers\FileHandler' driver.
DEBUG - 2025-11-30 10:08:34 --> Session: Class initialized using 'CodeIgniter\Session\Handlers\FileHandler' driver.
DEBUG - 2025-11-30 10:08:35 --> Session: Class initialized using 'CodeIgniter\Session\Handlers\FileHandler' driver.
DEBUG - 2025-11-30 10:08:36 --> Session: Class initialized using 'CodeIgniter\Session\Handlers\FileHandler' driver.
DEBUG - 2025-11-30 10:08:36 --> Session: Class initialized using 'CodeIgniter\Session\Handlers\FileHandler' driver.
DEBUG - 2025-11-30 10:08:37 --> Session: Class initialized using 'CodeIgniter\Session\Handlers\FileHandler' driver.
DEBUG - 2025-11-30 10:08:37 --> Session: Class initialized using 'CodeIgniter\Session\Handlers\FileHandler' driver.
DEBUG - 2025-11-30 10:08:37 --> Session: Class initialized using 'CodeIgniter\Session\Handlers\FileHandler' driver.
DEBUG - 2025-11-30 10:08:38 --> Session: Class initialized using 'CodeIgniter\Session\Handlers\FileHandler' driver.
DEBUG - 2025-11-30 10:08:38 --> Session: Class initialized using 'CodeIgniter\Session\Handlers\FileHandler' driver.
DEBUG - 2025-11-30 10:08:38 --> Session: Class initialized using 'CodeIgniter\Session\Handlers\FileHandler' driver.
DEBUG - 2025-11-30 10:08:39 --> Session: Class initialized using 'CodeIgniter\Session\Handlers\FileHandler' driver.
DEBUG - 2025-11-30 10:08:39 --> Session: Class initialized using 'CodeIgniter\Session\Handlers\FileHandler' driver.
DEBUG - 2025-11-30 10:08:39 --> Session: Class initialized using 'CodeIgniter\Session\Handlers\FileHandler' driver.
DEBUG - 2025-11-30 10:08:48 --> Session: Class initialized using 'CodeIgniter\Session\Handlers\FileHandler' driver.
DEBUG - 2025-11-30 10:08:54 --> Session: Class initialized using 'CodeIgniter\Session\Handlers\FileHandler' driver.
DEBUG - 2025-11-30 10:17:22 --> Session: Class initialized using 'CodeIgniter\Session\Handlers\FileHandler' driver.
DEBUG - 2025-11-30 10:18:12 --> Session: Class initialized using 'CodeIgniter\Session\Handlers\FileHandler' driver.
DEBUG - 2025-11-30 10:22:32 --> Session: Class initialized using 'CodeIgniter\Session\Handlers\FileHandler' driver.
DEBUG - 2025-11-30 10:22:42 --> Session: Class initialized using 'CodeIgniter\Session\Handlers\FileHandler' driver.
DEBUG - 2025-11-30 10:22:47 --> Session: Class initialized using 'CodeIgniter\Session\Handlers\FileHandler' driver.
DEBUG - 2025-11-30 10:24:08 --> Session: Class initialized using 'CodeIgniter\Session\Handlers\FileHandler' driver.
DEBUG - 2025-11-30 10:24:52 --> Session: Class initialized using 'CodeIgniter\Session\Handlers\FileHandler' driver.
DEBUG - 2025-11-30 10:32:23 --> Session: Class initialized using 'CodeIgniter\Session\Handlers\FileHandler' driver.
DEBUG - 2025-11-30 10:32:34 --> Session: Class initialized using 'CodeIgniter\Session\Handlers\FileHandler' driver.
DEBUG - 2025-11-30 10:36:33 --> Session: Class initialized using 'CodeIgniter\Session\Handlers\FileHandler' driver.
DEBUG - 2025-11-30 10:36:37 --> Session: Class initialized using 'CodeIgniter\Session\Handlers\FileHandler' driver.
DEBUG - 2025-11-30 10:37:19 --> Session: Class initialized using 'CodeIgniter\Session\Handlers\FileHandler' driver.
DEBUG - 2025-11-30 10:40:04 --> Session: Class initialized using 'CodeIgniter\Session\Handlers\FileHandler' driver.
DEBUG - 2025-11-30 10:43:11 --> Session: Class initialized using 'CodeIgniter\Session\Handlers\FileHandler' driver.
DEBUG - 2025-11-30 10:48:44 --> Session: Class initialized using 'CodeIgniter\Session\Handlers\FileHandler' driver.
DEBUG - 2025-11-30 10:49:53 --> Session: Class initialized using 'CodeIgniter\Session\Handlers\FileHandler' driver.
DEBUG - 2025-11-30 10:50:05 --> Session: Class initialized using 'CodeIgniter\Session\Handlers\FileHandler' driver.
DEBUG - 2025-11-30 10:50:07 --> Session: Class initialized using 'CodeIgniter\Session\Handlers\FileHandler' driver.
DEBUG - 2025-11-30 10:55:56 --> Session: Class initialized using 'CodeIgniter\Session\Handlers\FileHandler' driver.
WARNING - 2025-11-30 10:58:21 --> [DEPRECATED] round(): Passing null to parameter #1 ($num) of type int|float is deprecated in APPPATH\Views\Shop\detail.php on line 175.
 1 APPPATH\Views\Shop\detail.php(175): round(null, 1)
 2 SYSTEMPATH\View\View.php(226): include('C:\\xampp\\htdocs\\nyobaUAS\\app\\Views\\Shop\\detail.php')
 3 SYSTEMPATH\View\View.php(229): CodeIgniter\View\View->CodeIgniter\View\{closure}()
 4 SYSTEMPATH\Common.php(1167): CodeIgniter\View\View->render('Shop/detail', [], true)
 5 APPPATH\Controllers\Shop.php(109): view('Shop/detail', [...])
 6 SYSTEMPATH\CodeIgniter.php(933): App\Controllers\Shop->detail('steel-rebar-set')
 7 SYSTEMPATH\CodeIgniter.php(507): CodeIgniter\CodeIgniter->runController(Object(App\Controllers\Shop))
 8 SYSTEMPATH\CodeIgniter.php(354): CodeIgniter\CodeIgniter->handleRequest(null, Object(Config\Cache), false)
 9 SYSTEMPATH\Boot.php(363): CodeIgniter\CodeIgniter->run()
10 SYSTEMPATH\Boot.php(68): CodeIgniter\Boot::runCodeIgniter(Object(CodeIgniter\CodeIgniter))
11 FCPATH\index.php(59): CodeIgniter\Boot::bootWeb(Object(Config\Paths))
12 SYSTEMPATH\rewrite.php(44): require_once('C:\\xampp\\htdocs\\nyobaUAS\\public\\index.php')
WARNING - 2025-11-30 10:58:21 --> [DEPRECATED] number_format(): Passing null to parameter #1 ($num) of type float is deprecated in APPPATH\Views\Shop\detail.php on line 179.
 1 APPPATH\Views\Shop\detail.php(179): number_format(null, 1)
 2 SYSTEMPATH\View\View.php(226): include('C:\\xampp\\htdocs\\nyobaUAS\\app\\Views\\Shop\\detail.php')
 3 SYSTEMPATH\View\View.php(229): CodeIgniter\View\View->CodeIgniter\View\{closure}()
 4 SYSTEMPATH\Common.php(1167): CodeIgniter\View\View->render('Shop/detail', [], true)
 5 APPPATH\Controllers\Shop.php(109): view('Shop/detail', [...])
 6 SYSTEMPATH\CodeIgniter.php(933): App\Controllers\Shop->detail('steel-rebar-set')
 7 SYSTEMPATH\CodeIgniter.php(507): CodeIgniter\CodeIgniter->runController(Object(App\Controllers\Shop))
 8 SYSTEMPATH\CodeIgniter.php(354): CodeIgniter\CodeIgniter->handleRequest(null, Object(Config\Cache), false)
 9 SYSTEMPATH\Boot.php(363): CodeIgniter\CodeIgniter->run()
10 SYSTEMPATH\Boot.php(68): CodeIgniter\Boot::runCodeIgniter(Object(CodeIgniter\CodeIgniter))
11 FCPATH\index.php(59): CodeIgniter\Boot::bootWeb(Object(Config\Paths))
12 SYSTEMPATH\rewrite.php(44): require_once('C:\\xampp\\htdocs\\nyobaUAS\\public\\index.php')
WARNING - 2025-11-30 10:58:21 --> [DEPRECATED] number_format(): Passing null to parameter #1 ($num) of type float is deprecated in APPPATH\Views\Shop\detail.php on line 232.
 1 APPPATH\Views\Shop\detail.php(232): number_format(null, 1)
 2 SYSTEMPATH\View\View.php(226): include('C:\\xampp\\htdocs\\nyobaUAS\\app\\Views\\Shop\\detail.php')
 3 SYSTEMPATH\View\View.php(229): CodeIgniter\View\View->CodeIgniter\View\{closure}()
 4 SYSTEMPATH\Common.php(1167): CodeIgniter\View\View->render('Shop/detail', [], true)
 5 APPPATH\Controllers\Shop.php(109): view('Shop/detail', [...])
 6 SYSTEMPATH\CodeIgniter.php(933): App\Controllers\Shop->detail('steel-rebar-set')
 7 SYSTEMPATH\CodeIgniter.php(507): CodeIgniter\CodeIgniter->runController(Object(App\Controllers\Shop))
 8 SYSTEMPATH\CodeIgniter.php(354): CodeIgniter\CodeIgniter->handleRequest(null, Object(Config\Cache), false)
 9 SYSTEMPATH\Boot.php(363): CodeIgniter\CodeIgniter->run()
10 SYSTEMPATH\Boot.php(68): CodeIgniter\Boot::runCodeIgniter(Object(CodeIgniter\CodeIgniter))
11 FCPATH\index.php(59): CodeIgniter\Boot::bootWeb(Object(Config\Paths))
12 SYSTEMPATH\rewrite.php(44): require_once('C:\\xampp\\htdocs\\nyobaUAS\\public\\index.php')
WARNING - 2025-11-30 10:58:21 --> [DEPRECATED] round(): Passing null to parameter #1 ($num) of type int|float is deprecated in APPPATH\Views\Shop\detail.php on line 235.
 1 APPPATH\Views\Shop\detail.php(235): round(null, 1)
 2 SYSTEMPATH\View\View.php(226): include('C:\\xampp\\htdocs\\nyobaUAS\\app\\Views\\Shop\\detail.php')
 3 SYSTEMPATH\View\View.php(229): CodeIgniter\View\View->CodeIgniter\View\{closure}()
 4 SYSTEMPATH\Common.php(1167): CodeIgniter\View\View->render('Shop/detail', [], true)
 5 APPPATH\Controllers\Shop.php(109): view('Shop/detail', [...])
 6 SYSTEMPATH\CodeIgniter.php(933): App\Controllers\Shop->detail('steel-rebar-set')
 7 SYSTEMPATH\CodeIgniter.php(507): CodeIgniter\CodeIgniter->runController(Object(App\Controllers\Shop))
 8 SYSTEMPATH\CodeIgniter.php(354): CodeIgniter\CodeIgniter->handleRequest(null, Object(Config\Cache), false)
 9 SYSTEMPATH\Boot.php(363): CodeIgniter\CodeIgniter->run()
10 SYSTEMPATH\Boot.php(68): CodeIgniter\Boot::runCodeIgniter(Object(CodeIgniter\CodeIgniter))
11 FCPATH\index.php(59): CodeIgniter\Boot::bootWeb(Object(Config\Paths))
12 SYSTEMPATH\rewrite.php(44): require_once('C:\\xampp\\htdocs\\nyobaUAS\\public\\index.php')
WARNING - 2025-11-30 11:01:34 --> [DEPRECATED] round(): Passing null to parameter #1 ($num) of type int|float is deprecated in APPPATH\Views\Shop\detail.php on line 175.
 1 APPPATH\Views\Shop\detail.php(175): round(null, 1)
 2 SYSTEMPATH\View\View.php(226): include('C:\\xampp\\htdocs\\nyobaUAS\\app\\Views\\Shop\\detail.php')
 3 SYSTEMPATH\View\View.php(229): CodeIgniter\View\View->CodeIgniter\View\{closure}()
 4 SYSTEMPATH\Common.php(1167): CodeIgniter\View\View->render('Shop/detail', [], true)
 5 APPPATH\Controllers\Shop.php(109): view('Shop/detail', [...])
 6 SYSTEMPATH\CodeIgniter.php(933): App\Controllers\Shop->detail('steel-rebar-set')
 7 SYSTEMPATH\CodeIgniter.php(507): CodeIgniter\CodeIgniter->runController(Object(App\Controllers\Shop))
 8 SYSTEMPATH\CodeIgniter.php(354): CodeIgniter\CodeIgniter->handleRequest(null, Object(Config\Cache), false)
 9 SYSTEMPATH\Boot.php(363): CodeIgniter\CodeIgniter->run()
10 SYSTEMPATH\Boot.php(68): CodeIgniter\Boot::runCodeIgniter(Object(CodeIgniter\CodeIgniter))
11 FCPATH\index.php(59): CodeIgniter\Boot::bootWeb(Object(Config\Paths))
12 SYSTEMPATH\rewrite.php(44): require_once('C:\\xampp\\htdocs\\nyobaUAS\\public\\index.php')
WARNING - 2025-11-30 11:01:34 --> [DEPRECATED] number_format(): Passing null to parameter #1 ($num) of type float is deprecated in APPPATH\Views\Shop\detail.php on line 179.
 1 APPPATH\Views\Shop\detail.php(179): number_format(null, 1)
 2 SYSTEMPATH\View\View.php(226): include('C:\\xampp\\htdocs\\nyobaUAS\\app\\Views\\Shop\\detail.php')
 3 SYSTEMPATH\View\View.php(229): CodeIgniter\View\View->CodeIgniter\View\{closure}()
 4 SYSTEMPATH\Common.php(1167): CodeIgniter\View\View->render('Shop/detail', [], true)
 5 APPPATH\Controllers\Shop.php(109): view('Shop/detail', [...])
 6 SYSTEMPATH\CodeIgniter.php(933): App\Controllers\Shop->detail('steel-rebar-set')
 7 SYSTEMPATH\CodeIgniter.php(507): CodeIgniter\CodeIgniter->runController(Object(App\Controllers\Shop))
 8 SYSTEMPATH\CodeIgniter.php(354): CodeIgniter\CodeIgniter->handleRequest(null, Object(Config\Cache), false)
 9 SYSTEMPATH\Boot.php(363): CodeIgniter\CodeIgniter->run()
10 SYSTEMPATH\Boot.php(68): CodeIgniter\Boot::runCodeIgniter(Object(CodeIgniter\CodeIgniter))
11 FCPATH\index.php(59): CodeIgniter\Boot::bootWeb(Object(Config\Paths))
12 SYSTEMPATH\rewrite.php(44): require_once('C:\\xampp\\htdocs\\nyobaUAS\\public\\index.php')
WARNING - 2025-11-30 11:01:34 --> [DEPRECATED] number_format(): Passing null to parameter #1 ($num) of type float is deprecated in APPPATH\Views\Shop\detail.php on line 232.
 1 APPPATH\Views\Shop\detail.php(232): number_format(null, 1)
 2 SYSTEMPATH\View\View.php(226): include('C:\\xampp\\htdocs\\nyobaUAS\\app\\Views\\Shop\\detail.php')
 3 SYSTEMPATH\View\View.php(229): CodeIgniter\View\View->CodeIgniter\View\{closure}()
 4 SYSTEMPATH\Common.php(1167): CodeIgniter\View\View->render('Shop/detail', [], true)
 5 APPPATH\Controllers\Shop.php(109): view('Shop/detail', [...])
 6 SYSTEMPATH\CodeIgniter.php(933): App\Controllers\Shop->detail('steel-rebar-set')
 7 SYSTEMPATH\CodeIgniter.php(507): CodeIgniter\CodeIgniter->runController(Object(App\Controllers\Shop))
 8 SYSTEMPATH\CodeIgniter.php(354): CodeIgniter\CodeIgniter->handleRequest(null, Object(Config\Cache), false)
 9 SYSTEMPATH\Boot.php(363): CodeIgniter\CodeIgniter->run()
10 SYSTEMPATH\Boot.php(68): CodeIgniter\Boot::runCodeIgniter(Object(CodeIgniter\CodeIgniter))
11 FCPATH\index.php(59): CodeIgniter\Boot::bootWeb(Object(Config\Paths))
12 SYSTEMPATH\rewrite.php(44): require_once('C:\\xampp\\htdocs\\nyobaUAS\\public\\index.php')
WARNING - 2025-11-30 11:01:34 --> [DEPRECATED] round(): Passing null to parameter #1 ($num) of type int|float is deprecated in APPPATH\Views\Shop\detail.php on line 235.
 1 APPPATH\Views\Shop\detail.php(235): round(null, 1)
 2 SYSTEMPATH\View\View.php(226): include('C:\\xampp\\htdocs\\nyobaUAS\\app\\Views\\Shop\\detail.php')
 3 SYSTEMPATH\View\View.php(229): CodeIgniter\View\View->CodeIgniter\View\{closure}()
 4 SYSTEMPATH\Common.php(1167): CodeIgniter\View\View->render('Shop/detail', [], true)
 5 APPPATH\Controllers\Shop.php(109): view('Shop/detail', [...])
 6 SYSTEMPATH\CodeIgniter.php(933): App\Controllers\Shop->detail('steel-rebar-set')
 7 SYSTEMPATH\CodeIgniter.php(507): CodeIgniter\CodeIgniter->runController(Object(App\Controllers\Shop))
 8 SYSTEMPATH\CodeIgniter.php(354): CodeIgniter\CodeIgniter->handleRequest(null, Object(Config\Cache), false)
 9 SYSTEMPATH\Boot.php(363): CodeIgniter\CodeIgniter->run()
10 SYSTEMPATH\Boot.php(68): CodeIgniter\Boot::runCodeIgniter(Object(CodeIgniter\CodeIgniter))
11 FCPATH\index.php(59): CodeIgniter\Boot::bootWeb(Object(Config\Paths))
12 SYSTEMPATH\rewrite.php(44): require_once('C:\\xampp\\htdocs\\nyobaUAS\\public\\index.php')
WARNING - 2025-11-30 11:01:55 --> [DEPRECATED] round(): Passing null to parameter #1 ($num) of type int|float is deprecated in APPPATH\Views\Shop\detail.php on line 175.
 1 APPPATH\Views\Shop\detail.php(175): round(null, 1)
 2 SYSTEMPATH\View\View.php(226): include('C:\\xampp\\htdocs\\nyobaUAS\\app\\Views\\Shop\\detail.php')
 3 SYSTEMPATH\View\View.php(229): CodeIgniter\View\View->CodeIgniter\View\{closure}()
 4 SYSTEMPATH\Common.php(1167): CodeIgniter\View\View->render('Shop/detail', [], true)
 5 APPPATH\Controllers\Shop.php(109): view('Shop/detail', [...])
 6 SYSTEMPATH\CodeIgniter.php(933): App\Controllers\Shop->detail('steel-rebar-set')
 7 SYSTEMPATH\CodeIgniter.php(507): CodeIgniter\CodeIgniter->runController(Object(App\Controllers\Shop))
 8 SYSTEMPATH\CodeIgniter.php(354): CodeIgniter\CodeIgniter->handleRequest(null, Object(Config\Cache), false)
 9 SYSTEMPATH\Boot.php(363): CodeIgniter\CodeIgniter->run()
10 SYSTEMPATH\Boot.php(68): CodeIgniter\Boot::runCodeIgniter(Object(CodeIgniter\CodeIgniter))
11 FCPATH\index.php(59): CodeIgniter\Boot::bootWeb(Object(Config\Paths))
12 SYSTEMPATH\rewrite.php(44): require_once('C:\\xampp\\htdocs\\nyobaUAS\\public\\index.php')
WARNING - 2025-11-30 11:01:55 --> [DEPRECATED] number_format(): Passing null to parameter #1 ($num) of type float is deprecated in APPPATH\Views\Shop\detail.php on line 179.
 1 APPPATH\Views\Shop\detail.php(179): number_format(null, 1)
 2 SYSTEMPATH\View\View.php(226): include('C:\\xampp\\htdocs\\nyobaUAS\\app\\Views\\Shop\\detail.php')
 3 SYSTEMPATH\View\View.php(229): CodeIgniter\View\View->CodeIgniter\View\{closure}()
 4 SYSTEMPATH\Common.php(1167): CodeIgniter\View\View->render('Shop/detail', [], true)
 5 APPPATH\Controllers\Shop.php(109): view('Shop/detail', [...])
 6 SYSTEMPATH\CodeIgniter.php(933): App\Controllers\Shop->detail('steel-rebar-set')
 7 SYSTEMPATH\CodeIgniter.php(507): CodeIgniter\CodeIgniter->runController(Object(App\Controllers\Shop))
 8 SYSTEMPATH\CodeIgniter.php(354): CodeIgniter\CodeIgniter->handleRequest(null, Object(Config\Cache), false)
 9 SYSTEMPATH\Boot.php(363): CodeIgniter\CodeIgniter->run()
10 SYSTEMPATH\Boot.php(68): CodeIgniter\Boot::runCodeIgniter(Object(CodeIgniter\CodeIgniter))
11 FCPATH\index.php(59): CodeIgniter\Boot::bootWeb(Object(Config\Paths))
12 SYSTEMPATH\rewrite.php(44): require_once('C:\\xampp\\htdocs\\nyobaUAS\\public\\index.php')
WARNING - 2025-11-30 11:01:55 --> [DEPRECATED] number_format(): Passing null to parameter #1 ($num) of type float is deprecated in APPPATH\Views\Shop\detail.php on line 232.
 1 APPPATH\Views\Shop\detail.php(232): number_format(null, 1)
 2 SYSTEMPATH\View\View.php(226): include('C:\\xampp\\htdocs\\nyobaUAS\\app\\Views\\Shop\\detail.php')
 3 SYSTEMPATH\View\View.php(229): CodeIgniter\View\View->CodeIgniter\View\{closure}()
 4 SYSTEMPATH\Common.php(1167): CodeIgniter\View\View->render('Shop/detail', [], true)
 5 APPPATH\Controllers\Shop.php(109): view('Shop/detail', [...])
 6 SYSTEMPATH\CodeIgniter.php(933): App\Controllers\Shop->detail('steel-rebar-set')
 7 SYSTEMPATH\CodeIgniter.php(507): CodeIgniter\CodeIgniter->runController(Object(App\Controllers\Shop))
 8 SYSTEMPATH\CodeIgniter.php(354): CodeIgniter\CodeIgniter->handleRequest(null, Object(Config\Cache), false)
 9 SYSTEMPATH\Boot.php(363): CodeIgniter\CodeIgniter->run()
10 SYSTEMPATH\Boot.php(68): CodeIgniter\Boot::runCodeIgniter(Object(CodeIgniter\CodeIgniter))
11 FCPATH\index.php(59): CodeIgniter\Boot::bootWeb(Object(Config\Paths))
12 SYSTEMPATH\rewrite.php(44): require_once('C:\\xampp\\htdocs\\nyobaUAS\\public\\index.php')
WARNING - 2025-11-30 11:01:55 --> [DEPRECATED] round(): Passing null to parameter #1 ($num) of type int|float is deprecated in APPPATH\Views\Shop\detail.php on line 235.
 1 APPPATH\Views\Shop\detail.php(235): round(null, 1)
 2 SYSTEMPATH\View\View.php(226): include('C:\\xampp\\htdocs\\nyobaUAS\\app\\Views\\Shop\\detail.php')
 3 SYSTEMPATH\View\View.php(229): CodeIgniter\View\View->CodeIgniter\View\{closure}()
 4 SYSTEMPATH\Common.php(1167): CodeIgniter\View\View->render('Shop/detail', [], true)
 5 APPPATH\Controllers\Shop.php(109): view('Shop/detail', [...])
 6 SYSTEMPATH\CodeIgniter.php(933): App\Controllers\Shop->detail('steel-rebar-set')
 7 SYSTEMPATH\CodeIgniter.php(507): CodeIgniter\CodeIgniter->runController(Object(App\Controllers\Shop))
 8 SYSTEMPATH\CodeIgniter.php(354): CodeIgniter\CodeIgniter->handleRequest(null, Object(Config\Cache), false)
 9 SYSTEMPATH\Boot.php(363): CodeIgniter\CodeIgniter->run()
10 SYSTEMPATH\Boot.php(68): CodeIgniter\Boot::runCodeIgniter(Object(CodeIgniter\CodeIgniter))
11 FCPATH\index.php(59): CodeIgniter\Boot::bootWeb(Object(Config\Paths))
12 SYSTEMPATH\rewrite.php(44): require_once('C:\\xampp\\htdocs\\nyobaUAS\\public\\index.php')
DEBUG - 2025-11-30 11:02:01 --> Session: Class initialized using 'CodeIgniter\Session\Handlers\FileHandler' driver.
DEBUG - 2025-11-30 11:02:01 --> Session: Class initialized using 'CodeIgniter\Session\Handlers\FileHandler' driver.
DEBUG - 2025-11-30 11:02:19 --> Session: Class initialized using 'CodeIgniter\Session\Handlers\FileHandler' driver.
DEBUG - 2025-11-30 11:02:19 --> Session: Class initialized using 'CodeIgniter\Session\Handlers\FileHandler' driver.
DEBUG - 2025-11-30 11:02:22 --> Session: Class initialized using 'CodeIgniter\Session\Handlers\FileHandler' driver.
DEBUG - 2025-11-30 11:02:22 --> Session: Class initialized using 'CodeIgniter\Session\Handlers\FileHandler' driver.
DEBUG - 2025-11-30 11:02:27 --> Session: Class initialized using 'CodeIgniter\Session\Handlers\FileHandler' driver.
DEBUG - 2025-11-30 11:02:27 --> Session: Class initialized using 'CodeIgniter\Session\Handlers\FileHandler' driver.
DEBUG - 2025-11-30 11:02:30 --> Session: Class initialized using 'CodeIgniter\Session\Handlers\FileHandler' driver.
DEBUG - 2025-11-30 11:02:30 --> Session: Class initialized using 'CodeIgniter\Session\Handlers\FileHandler' driver.
DEBUG - 2025-11-30 11:02:49 --> Session: Class initialized using 'CodeIgniter\Session\Handlers\FileHandler' driver.
WARNING - 2025-11-30 11:03:00 --> [DEPRECATED] round(): Passing null to parameter #1 ($num) of type int|float is deprecated in APPPATH\Views\Shop\detail.php on line 175.
 1 APPPATH\Views\Shop\detail.php(175): round(null, 1)
 2 SYSTEMPATH\View\View.php(226): include('C:\\xampp\\htdocs\\nyobaUAS\\app\\Views\\Shop\\detail.php')
 3 SYSTEMPATH\View\View.php(229): CodeIgniter\View\View->CodeIgniter\View\{closure}()
 4 SYSTEMPATH\Common.php(1167): CodeIgniter\View\View->render('Shop/detail', [], true)
 5 APPPATH\Controllers\Shop.php(109): view('Shop/detail', [...])
 6 SYSTEMPATH\CodeIgniter.php(933): App\Controllers\Shop->detail('steel-rebar-set')
 7 SYSTEMPATH\CodeIgniter.php(507): CodeIgniter\CodeIgniter->runController(Object(App\Controllers\Shop))
 8 SYSTEMPATH\CodeIgniter.php(354): CodeIgniter\CodeIgniter->handleRequest(null, Object(Config\Cache), false)
 9 SYSTEMPATH\Boot.php(363): CodeIgniter\CodeIgniter->run()
10 SYSTEMPATH\Boot.php(68): CodeIgniter\Boot::runCodeIgniter(Object(CodeIgniter\CodeIgniter))
11 FCPATH\index.php(59): CodeIgniter\Boot::bootWeb(Object(Config\Paths))
12 SYSTEMPATH\rewrite.php(44): require_once('C:\\xampp\\htdocs\\nyobaUAS\\public\\index.php')
WARNING - 2025-11-30 11:03:00 --> [DEPRECATED] number_format(): Passing null to parameter #1 ($num) of type float is deprecated in APPPATH\Views\Shop\detail.php on line 179.
 1 APPPATH\Views\Shop\detail.php(179): number_format(null, 1)
 2 SYSTEMPATH\View\View.php(226): include('C:\\xampp\\htdocs\\nyobaUAS\\app\\Views\\Shop\\detail.php')
 3 SYSTEMPATH\View\View.php(229): CodeIgniter\View\View->CodeIgniter\View\{closure}()
 4 SYSTEMPATH\Common.php(1167): CodeIgniter\View\View->render('Shop/detail', [], true)
 5 APPPATH\Controllers\Shop.php(109): view('Shop/detail', [...])
 6 SYSTEMPATH\CodeIgniter.php(933): App\Controllers\Shop->detail('steel-rebar-set')
 7 SYSTEMPATH\CodeIgniter.php(507): CodeIgniter\CodeIgniter->runController(Object(App\Controllers\Shop))
 8 SYSTEMPATH\CodeIgniter.php(354): CodeIgniter\CodeIgniter->handleRequest(null, Object(Config\Cache), false)
 9 SYSTEMPATH\Boot.php(363): CodeIgniter\CodeIgniter->run()
10 SYSTEMPATH\Boot.php(68): CodeIgniter\Boot::runCodeIgniter(Object(CodeIgniter\CodeIgniter))
11 FCPATH\index.php(59): CodeIgniter\Boot::bootWeb(Object(Config\Paths))
12 SYSTEMPATH\rewrite.php(44): require_once('C:\\xampp\\htdocs\\nyobaUAS\\public\\index.php')
WARNING - 2025-11-30 11:03:00 --> [DEPRECATED] number_format(): Passing null to parameter #1 ($num) of type float is deprecated in APPPATH\Views\Shop\detail.php on line 232.
 1 APPPATH\Views\Shop\detail.php(232): number_format(null, 1)
 2 SYSTEMPATH\View\View.php(226): include('C:\\xampp\\htdocs\\nyobaUAS\\app\\Views\\Shop\\detail.php')
 3 SYSTEMPATH\View\View.php(229): CodeIgniter\View\View->CodeIgniter\View\{closure}()
 4 SYSTEMPATH\Common.php(1167): CodeIgniter\View\View->render('Shop/detail', [], true)
 5 APPPATH\Controllers\Shop.php(109): view('Shop/detail', [...])
 6 SYSTEMPATH\CodeIgniter.php(933): App\Controllers\Shop->detail('steel-rebar-set')
 7 SYSTEMPATH\CodeIgniter.php(507): CodeIgniter\CodeIgniter->runController(Object(App\Controllers\Shop))
 8 SYSTEMPATH\CodeIgniter.php(354): CodeIgniter\CodeIgniter->handleRequest(null, Object(Config\Cache), false)
 9 SYSTEMPATH\Boot.php(363): CodeIgniter\CodeIgniter->run()
10 SYSTEMPATH\Boot.php(68): CodeIgniter\Boot::runCodeIgniter(Object(CodeIgniter\CodeIgniter))
11 FCPATH\index.php(59): CodeIgniter\Boot::bootWeb(Object(Config\Paths))
12 SYSTEMPATH\rewrite.php(44): require_once('C:\\xampp\\htdocs\\nyobaUAS\\public\\index.php')
WARNING - 2025-11-30 11:03:00 --> [DEPRECATED] round(): Passing null to parameter #1 ($num) of type int|float is deprecated in APPPATH\Views\Shop\detail.php on line 235.
 1 APPPATH\Views\Shop\detail.php(235): round(null, 1)
 2 SYSTEMPATH\View\View.php(226): include('C:\\xampp\\htdocs\\nyobaUAS\\app\\Views\\Shop\\detail.php')
 3 SYSTEMPATH\View\View.php(229): CodeIgniter\View\View->CodeIgniter\View\{closure}()
 4 SYSTEMPATH\Common.php(1167): CodeIgniter\View\View->render('Shop/detail', [], true)
 5 APPPATH\Controllers\Shop.php(109): view('Shop/detail', [...])
 6 SYSTEMPATH\CodeIgniter.php(933): App\Controllers\Shop->detail('steel-rebar-set')
 7 SYSTEMPATH\CodeIgniter.php(507): CodeIgniter\CodeIgniter->runController(Object(App\Controllers\Shop))
 8 SYSTEMPATH\CodeIgniter.php(354): CodeIgniter\CodeIgniter->handleRequest(null, Object(Config\Cache), false)
 9 SYSTEMPATH\Boot.php(363): CodeIgniter\CodeIgniter->run()
10 SYSTEMPATH\Boot.php(68): CodeIgniter\Boot::runCodeIgniter(Object(CodeIgniter\CodeIgniter))
11 FCPATH\index.php(59): CodeIgniter\Boot::bootWeb(Object(Config\Paths))
12 SYSTEMPATH\rewrite.php(44): require_once('C:\\xampp\\htdocs\\nyobaUAS\\public\\index.php')
DEBUG - 2025-11-30 11:03:03 --> Session: Class initialized using 'CodeIgniter\Session\Handlers\FileHandler' driver.
DEBUG - 2025-11-30 11:03:03 --> Session: Class initialized using 'CodeIgniter\Session\Handlers\FileHandler' driver.
DEBUG - 2025-11-30 11:03:34 --> Session: Class initialized using 'CodeIgniter\Session\Handlers\FileHandler' driver.
DEBUG - 2025-11-30 11:07:44 --> Session: Class initialized using 'CodeIgniter\Session\Handlers\FileHandler' driver.
DEBUG - 2025-11-30 11:12:16 --> Session: Class initialized using 'CodeIgniter\Session\Handlers\FileHandler' driver.
DEBUG - 2025-11-30 11:16:35 --> Session: Class initialized using 'CodeIgniter\Session\Handlers\FileHandler' driver.
DEBUG - 2025-11-30 11:17:10 --> Session: Class initialized using 'CodeIgniter\Session\Handlers\FileHandler' driver.
DEBUG - 2025-11-30 11:17:29 --> Session: Class initialized using 'CodeIgniter\Session\Handlers\FileHandler' driver.
DEBUG - 2025-11-30 11:18:35 --> Session: Class initialized using 'CodeIgniter\Session\Handlers\FileHandler' driver.
DEBUG - 2025-11-30 11:18:52 --> Session: Class initialized using 'CodeIgniter\Session\Handlers\FileHandler' driver.
DEBUG - 2025-11-30 11:29:26 --> Session: Class initialized using 'CodeIgniter\Session\Handlers\FileHandler' driver.
DEBUG - 2025-11-30 11:29:32 --> Session: Class initialized using 'CodeIgniter\Session\Handlers\FileHandler' driver.
DEBUG - 2025-11-30 11:32:03 --> Session: Class initialized using 'CodeIgniter\Session\Handlers\FileHandler' driver.
DEBUG - 2025-11-30 11:32:09 --> Session: Class initialized using 'CodeIgniter\Session\Handlers\FileHandler' driver.
DEBUG - 2025-11-30 11:49:18 --> Session: Class initialized using 'CodeIgniter\Session\Handlers\FileHandler' driver.
DEBUG - 2025-11-30 11:49:18 --> Session: Class initialized using 'CodeIgniter\Session\Handlers\FileHandler' driver.
DEBUG - 2025-11-30 11:49:24 --> Session: Class initialized using 'CodeIgniter\Session\Handlers\FileHandler' driver.
DEBUG - 2025-11-30 11:49:25 --> Session: Class initialized using 'CodeIgniter\Session\Handlers\FileHandler' driver.
DEBUG - 2025-11-30 11:49:28 --> Session: Class initialized using 'CodeIgniter\Session\Handlers\FileHandler' driver.
DEBUG - 2025-11-30 11:49:29 --> Session: Class initialized using 'CodeIgniter\Session\Handlers\FileHandler' driver.
DEBUG - 2025-11-30 11:49:31 --> Session: Class initialized using 'CodeIgniter\Session\Handlers\FileHandler' driver.
DEBUG - 2025-11-30 11:49:32 --> Session: Class initialized using 'CodeIgniter\Session\Handlers\FileHandler' driver.
WARNING - 2025-11-30 11:49:39 --> [DEPRECATED] round(): Passing null to parameter #1 ($num) of type int|float is deprecated in APPPATH\Views\Shop\detail.php on line 175.
 1 APPPATH\Views\Shop\detail.php(175): round(null, 1)
 2 SYSTEMPATH\View\View.php(226): include('C:\\xampp\\htdocs\\nyobaUAS\\app\\Views\\Shop\\detail.php')
 3 SYSTEMPATH\View\View.php(229): CodeIgniter\View\View->CodeIgniter\View\{closure}()
 4 SYSTEMPATH\Common.php(1167): CodeIgniter\View\View->render('Shop/detail', [], true)
 5 APPPATH\Controllers\Shop.php(109): view('Shop/detail', [...])
 6 SYSTEMPATH\CodeIgniter.php(933): App\Controllers\Shop->detail('premium-portland-cement')
 7 SYSTEMPATH\CodeIgniter.php(507): CodeIgniter\CodeIgniter->runController(Object(App\Controllers\Shop))
 8 SYSTEMPATH\CodeIgniter.php(354): CodeIgniter\CodeIgniter->handleRequest(null, Object(Config\Cache), false)
 9 SYSTEMPATH\Boot.php(363): CodeIgniter\CodeIgniter->run()
10 SYSTEMPATH\Boot.php(68): CodeIgniter\Boot::runCodeIgniter(Object(CodeIgniter\CodeIgniter))
11 FCPATH\index.php(59): CodeIgniter\Boot::bootWeb(Object(Config\Paths))
12 SYSTEMPATH\rewrite.php(44): require_once('C:\\xampp\\htdocs\\nyobaUAS\\public\\index.php')
WARNING - 2025-11-30 11:49:39 --> [DEPRECATED] number_format(): Passing null to parameter #1 ($num) of type float is deprecated in APPPATH\Views\Shop\detail.php on line 179.
 1 APPPATH\Views\Shop\detail.php(179): number_format(null, 1)
 2 SYSTEMPATH\View\View.php(226): include('C:\\xampp\\htdocs\\nyobaUAS\\app\\Views\\Shop\\detail.php')
 3 SYSTEMPATH\View\View.php(229): CodeIgniter\View\View->CodeIgniter\View\{closure}()
 4 SYSTEMPATH\Common.php(1167): CodeIgniter\View\View->render('Shop/detail', [], true)
 5 APPPATH\Controllers\Shop.php(109): view('Shop/detail', [...])
 6 SYSTEMPATH\CodeIgniter.php(933): App\Controllers\Shop->detail('premium-portland-cement')
 7 SYSTEMPATH\CodeIgniter.php(507): CodeIgniter\CodeIgniter->runController(Object(App\Controllers\Shop))
 8 SYSTEMPATH\CodeIgniter.php(354): CodeIgniter\CodeIgniter->handleRequest(null, Object(Config\Cache), false)
 9 SYSTEMPATH\Boot.php(363): CodeIgniter\CodeIgniter->run()
10 SYSTEMPATH\Boot.php(68): CodeIgniter\Boot::runCodeIgniter(Object(CodeIgniter\CodeIgniter))
11 FCPATH\index.php(59): CodeIgniter\Boot::bootWeb(Object(Config\Paths))
12 SYSTEMPATH\rewrite.php(44): require_once('C:\\xampp\\htdocs\\nyobaUAS\\public\\index.php')
WARNING - 2025-11-30 11:49:39 --> [DEPRECATED] number_format(): Passing null to parameter #1 ($num) of type float is deprecated in APPPATH\Views\Shop\detail.php on line 232.
 1 APPPATH\Views\Shop\detail.php(232): number_format(null, 1)
 2 SYSTEMPATH\View\View.php(226): include('C:\\xampp\\htdocs\\nyobaUAS\\app\\Views\\Shop\\detail.php')
 3 SYSTEMPATH\View\View.php(229): CodeIgniter\View\View->CodeIgniter\View\{closure}()
 4 SYSTEMPATH\Common.php(1167): CodeIgniter\View\View->render('Shop/detail', [], true)
 5 APPPATH\Controllers\Shop.php(109): view('Shop/detail', [...])
 6 SYSTEMPATH\CodeIgniter.php(933): App\Controllers\Shop->detail('premium-portland-cement')
 7 SYSTEMPATH\CodeIgniter.php(507): CodeIgniter\CodeIgniter->runController(Object(App\Controllers\Shop))
 8 SYSTEMPATH\CodeIgniter.php(354): CodeIgniter\CodeIgniter->handleRequest(null, Object(Config\Cache), false)
 9 SYSTEMPATH\Boot.php(363): CodeIgniter\CodeIgniter->run()
10 SYSTEMPATH\Boot.php(68): CodeIgniter\Boot::runCodeIgniter(Object(CodeIgniter\CodeIgniter))
11 FCPATH\index.php(59): CodeIgniter\Boot::bootWeb(Object(Config\Paths))
12 SYSTEMPATH\rewrite.php(44): require_once('C:\\xampp\\htdocs\\nyobaUAS\\public\\index.php')
WARNING - 2025-11-30 11:49:39 --> [DEPRECATED] round(): Passing null to parameter #1 ($num) of type int|float is deprecated in APPPATH\Views\Shop\detail.php on line 235.
 1 APPPATH\Views\Shop\detail.php(235): round(null, 1)
 2 SYSTEMPATH\View\View.php(226): include('C:\\xampp\\htdocs\\nyobaUAS\\app\\Views\\Shop\\detail.php')
 3 SYSTEMPATH\View\View.php(229): CodeIgniter\View\View->CodeIgniter\View\{closure}()
 4 SYSTEMPATH\Common.php(1167): CodeIgniter\View\View->render('Shop/detail', [], true)
 5 APPPATH\Controllers\Shop.php(109): view('Shop/detail', [...])
 6 SYSTEMPATH\CodeIgniter.php(933): App\Controllers\Shop->detail('premium-portland-cement')
 7 SYSTEMPATH\CodeIgniter.php(507): CodeIgniter\CodeIgniter->runController(Object(App\Controllers\Shop))
 8 SYSTEMPATH\CodeIgniter.php(354): CodeIgniter\CodeIgniter->handleRequest(null, Object(Config\Cache), false)
 9 SYSTEMPATH\Boot.php(363): CodeIgniter\CodeIgniter->run()
10 SYSTEMPATH\Boot.php(68): CodeIgniter\Boot::runCodeIgniter(Object(CodeIgniter\CodeIgniter))
11 FCPATH\index.php(59): CodeIgniter\Boot::bootWeb(Object(Config\Paths))
12 SYSTEMPATH\rewrite.php(44): require_once('C:\\xampp\\htdocs\\nyobaUAS\\public\\index.php')
DEBUG - 2025-11-30 11:49:45 --> Session: Class initialized using 'CodeIgniter\Session\Handlers\FileHandler' driver.
DEBUG - 2025-11-30 11:49:45 --> Session: Class initialized using 'CodeIgniter\Session\Handlers\FileHandler' driver.
DEBUG - 2025-11-30 11:49:54 --> Session: Class initialized using 'CodeIgniter\Session\Handlers\FileHandler' driver.
WARNING - 2025-11-30 11:49:59 --> [DEPRECATED] round(): Passing null to parameter #1 ($num) of type int|float is deprecated in APPPATH\Views\Shop\detail.php on line 175.
 1 APPPATH\Views\Shop\detail.php(175): round(null, 1)
 2 SYSTEMPATH\View\View.php(226): include('C:\\xampp\\htdocs\\nyobaUAS\\app\\Views\\Shop\\detail.php')
 3 SYSTEMPATH\View\View.php(229): CodeIgniter\View\View->CodeIgniter\View\{closure}()
 4 SYSTEMPATH\Common.php(1167): CodeIgniter\View\View->render('Shop/detail', [], true)
 5 APPPATH\Controllers\Shop.php(109): view('Shop/detail', [...])
 6 SYSTEMPATH\CodeIgniter.php(933): App\Controllers\Shop->detail('premium-portland-cement')
 7 SYSTEMPATH\CodeIgniter.php(507): CodeIgniter\CodeIgniter->runController(Object(App\Controllers\Shop))
 8 SYSTEMPATH\CodeIgniter.php(354): CodeIgniter\CodeIgniter->handleRequest(null, Object(Config\Cache), false)
 9 SYSTEMPATH\Boot.php(363): CodeIgniter\CodeIgniter->run()
10 SYSTEMPATH\Boot.php(68): CodeIgniter\Boot::runCodeIgniter(Object(CodeIgniter\CodeIgniter))
11 FCPATH\index.php(59): CodeIgniter\Boot::bootWeb(Object(Config\Paths))
12 SYSTEMPATH\rewrite.php(44): require_once('C:\\xampp\\htdocs\\nyobaUAS\\public\\index.php')
WARNING - 2025-11-30 11:49:59 --> [DEPRECATED] number_format(): Passing null to parameter #1 ($num) of type float is deprecated in APPPATH\Views\Shop\detail.php on line 179.
 1 APPPATH\Views\Shop\detail.php(179): number_format(null, 1)
 2 SYSTEMPATH\View\View.php(226): include('C:\\xampp\\htdocs\\nyobaUAS\\app\\Views\\Shop\\detail.php')
 3 SYSTEMPATH\View\View.php(229): CodeIgniter\View\View->CodeIgniter\View\{closure}()
 4 SYSTEMPATH\Common.php(1167): CodeIgniter\View\View->render('Shop/detail', [], true)
 5 APPPATH\Controllers\Shop.php(109): view('Shop/detail', [...])
 6 SYSTEMPATH\CodeIgniter.php(933): App\Controllers\Shop->detail('premium-portland-cement')
 7 SYSTEMPATH\CodeIgniter.php(507): CodeIgniter\CodeIgniter->runController(Object(App\Controllers\Shop))
 8 SYSTEMPATH\CodeIgniter.php(354): CodeIgniter\CodeIgniter->handleRequest(null, Object(Config\Cache), false)
 9 SYSTEMPATH\Boot.php(363): CodeIgniter\CodeIgniter->run()
10 SYSTEMPATH\Boot.php(68): CodeIgniter\Boot::runCodeIgniter(Object(CodeIgniter\CodeIgniter))
11 FCPATH\index.php(59): CodeIgniter\Boot::bootWeb(Object(Config\Paths))
12 SYSTEMPATH\rewrite.php(44): require_once('C:\\xampp\\htdocs\\nyobaUAS\\public\\index.php')
WARNING - 2025-11-30 11:49:59 --> [DEPRECATED] number_format(): Passing null to parameter #1 ($num) of type float is deprecated in APPPATH\Views\Shop\detail.php on line 232.
 1 APPPATH\Views\Shop\detail.php(232): number_format(null, 1)
 2 SYSTEMPATH\View\View.php(226): include('C:\\xampp\\htdocs\\nyobaUAS\\app\\Views\\Shop\\detail.php')
 3 SYSTEMPATH\View\View.php(229): CodeIgniter\View\View->CodeIgniter\View\{closure}()
 4 SYSTEMPATH\Common.php(1167): CodeIgniter\View\View->render('Shop/detail', [], true)
 5 APPPATH\Controllers\Shop.php(109): view('Shop/detail', [...])
 6 SYSTEMPATH\CodeIgniter.php(933): App\Controllers\Shop->detail('premium-portland-cement')
 7 SYSTEMPATH\CodeIgniter.php(507): CodeIgniter\CodeIgniter->runController(Object(App\Controllers\Shop))
 8 SYSTEMPATH\CodeIgniter.php(354): CodeIgniter\CodeIgniter->handleRequest(null, Object(Config\Cache), false)
 9 SYSTEMPATH\Boot.php(363): CodeIgniter\CodeIgniter->run()
10 SYSTEMPATH\Boot.php(68): CodeIgniter\Boot::runCodeIgniter(Object(CodeIgniter\CodeIgniter))
11 FCPATH\index.php(59): CodeIgniter\Boot::bootWeb(Object(Config\Paths))
12 SYSTEMPATH\rewrite.php(44): require_once('C:\\xampp\\htdocs\\nyobaUAS\\public\\index.php')
WARNING - 2025-11-30 11:49:59 --> [DEPRECATED] round(): Passing null to parameter #1 ($num) of type int|float is deprecated in APPPATH\Views\Shop\detail.php on line 235.
 1 APPPATH\Views\Shop\detail.php(235): round(null, 1)
 2 SYSTEMPATH\View\View.php(226): include('C:\\xampp\\htdocs\\nyobaUAS\\app\\Views\\Shop\\detail.php')
 3 SYSTEMPATH\View\View.php(229): CodeIgniter\View\View->CodeIgniter\View\{closure}()
 4 SYSTEMPATH\Common.php(1167): CodeIgniter\View\View->render('Shop/detail', [], true)
 5 APPPATH\Controllers\Shop.php(109): view('Shop/detail', [...])
 6 SYSTEMPATH\CodeIgniter.php(933): App\Controllers\Shop->detail('premium-portland-cement')
 7 SYSTEMPATH\CodeIgniter.php(507): CodeIgniter\CodeIgniter->runController(Object(App\Controllers\Shop))
 8 SYSTEMPATH\CodeIgniter.php(354): CodeIgniter\CodeIgniter->handleRequest(null, Object(Config\Cache), false)
 9 SYSTEMPATH\Boot.php(363): CodeIgniter\CodeIgniter->run()
10 SYSTEMPATH\Boot.php(68): CodeIgniter\Boot::runCodeIgniter(Object(CodeIgniter\CodeIgniter))
11 FCPATH\index.php(59): CodeIgniter\Boot::bootWeb(Object(Config\Paths))
12 SYSTEMPATH\rewrite.php(44): require_once('C:\\xampp\\htdocs\\nyobaUAS\\public\\index.php')
DEBUG - 2025-11-30 11:55:19 --> Session: Class initialized using 'CodeIgniter\Session\Handlers\FileHandler' driver.
DEBUG - 2025-11-30 11:55:25 --> Session: Class initialized using 'CodeIgniter\Session\Handlers\FileHandler' driver.
CRITICAL - 2025-11-30 11:55:25 --> ErrorException: Undefined property: App\Controllers\Order::$ProductModel
[Method: POST, Route: orders/cancel/4]
in APPPATH\Controllers\Order.php on line 133.
 1 APPPATH\Controllers\Order.php(133): CodeIgniter\Debug\Exceptions->errorHandler(2, 'Undefined property: App\\Controllers\\Order::$ProductModel', 'C:\\xampp\\htdocs\\nyobaUAS\\app\\Controllers\\Order.php', 133)
 2 SYSTEMPATH\CodeIgniter.php(933): App\Controllers\Order->cancel('4')
 3 SYSTEMPATH\CodeIgniter.php(507): CodeIgniter\CodeIgniter->runController(Object(App\Controllers\Order))
 4 SYSTEMPATH\CodeIgniter.php(354): CodeIgniter\CodeIgniter->handleRequest(null, Object(Config\Cache), false)
 5 SYSTEMPATH\Boot.php(363): CodeIgniter\CodeIgniter->run()
 6 SYSTEMPATH\Boot.php(68): CodeIgniter\Boot::runCodeIgniter(Object(CodeIgniter\CodeIgniter))
 7 FCPATH\index.php(59): CodeIgniter\Boot::bootWeb(Object(Config\Paths))
 8 SYSTEMPATH\rewrite.php(44): require_once('C:\\xampp\\htdocs\\nyobaUAS\\public\\index.php')
DEBUG - 2025-11-30 11:56:36 --> Session: Class initialized using 'CodeIgniter\Session\Handlers\FileHandler' driver.
DEBUG - 2025-11-30 11:56:42 --> Session: Class initialized using 'CodeIgniter\Session\Handlers\FileHandler' driver.
CRITICAL - 2025-11-30 11:56:42 --> Error: Call to a member function where() on null
[Method: POST, Route: orders/cancel/4]
in APPPATH\Controllers\Order.php on line 134.
 1 SYSTEMPATH\CodeIgniter.php(933): App\Controllers\Order->cancel('4')
 2 SYSTEMPATH\CodeIgniter.php(507): CodeIgniter\CodeIgniter->runController(Object(App\Controllers\Order))
 3 SYSTEMPATH\CodeIgniter.php(354): CodeIgniter\CodeIgniter->handleRequest(null, Object(Config\Cache), false)
 4 SYSTEMPATH\Boot.php(363): CodeIgniter\CodeIgniter->run()
 5 SYSTEMPATH\Boot.php(68): CodeIgniter\Boot::runCodeIgniter(Object(CodeIgniter\CodeIgniter))
 6 FCPATH\index.php(59): CodeIgniter\Boot::bootWeb(Object(Config\Paths))
 7 SYSTEMPATH\rewrite.php(44): require_once('C:\\xampp\\htdocs\\nyobaUAS\\public\\index.php')
DEBUG - 2025-11-30 11:59:16 --> Session: Class initialized using 'CodeIgniter\Session\Handlers\FileHandler' driver.
DEBUG - 2025-11-30 11:59:20 --> Session: Class initialized using 'CodeIgniter\Session\Handlers\FileHandler' driver.
DEBUG - 2025-11-30 12:00:38 --> Session: Class initialized using 'CodeIgniter\Session\Handlers\FileHandler' driver.
DEBUG - 2025-11-30 12:00:42 --> Session: Class initialized using 'CodeIgniter\Session\Handlers\FileHandler' driver.
CRITICAL - 2025-11-30 12:00:43 --> Error: Call to a member function where() on null
[Method: POST, Route: orders/cancel/4]
in APPPATH\Controllers\Order.php on line 135.
 1 SYSTEMPATH\CodeIgniter.php(933): App\Controllers\Order->cancel('4')
 2 SYSTEMPATH\CodeIgniter.php(507): CodeIgniter\CodeIgniter->runController(Object(App\Controllers\Order))
 3 SYSTEMPATH\CodeIgniter.php(354): CodeIgniter\CodeIgniter->handleRequest(null, Object(Config\Cache), false)
 4 SYSTEMPATH\Boot.php(363): CodeIgniter\CodeIgniter->run()
 5 SYSTEMPATH\Boot.php(68): CodeIgniter\Boot::runCodeIgniter(Object(CodeIgniter\CodeIgniter))
 6 FCPATH\index.php(59): CodeIgniter\Boot::bootWeb(Object(Config\Paths))
 7 SYSTEMPATH\rewrite.php(44): require_once('C:\\xampp\\htdocs\\nyobaUAS\\public\\index.php')
DEBUG - 2025-11-30 12:02:38 --> Session: Class initialized using 'CodeIgniter\Session\Handlers\FileHandler' driver.
DEBUG - 2025-11-30 12:02:43 --> Session: Class initialized using 'CodeIgniter\Session\Handlers\FileHandler' driver.
CRITICAL - 2025-11-30 12:02:43 --> TypeError: CodeIgniter\Database\BaseBuilder::increment(): Argument #2 ($value) must be of type int, string given, called in C:\xampp\htdocs\nyobaUAS\system\Model.php on line 925
[Method: POST, Route: orders/cancel/4]
in SYSTEMPATH\Database\BaseBuilder.php on line 2972.
 1 SYSTEMPATH\Model.php(925): CodeIgniter\Database\BaseBuilder->increment('stock', '4')
 2 APPPATH\Controllers\Order.php(137): CodeIgniter\Model->__call('increment', [...])
 3 SYSTEMPATH\CodeIgniter.php(933): App\Controllers\Order->cancel('4')
 4 SYSTEMPATH\CodeIgniter.php(507): CodeIgniter\CodeIgniter->runController(Object(App\Controllers\Order))
 5 SYSTEMPATH\CodeIgniter.php(354): CodeIgniter\CodeIgniter->handleRequest(null, Object(Config\Cache), false)
 6 SYSTEMPATH\Boot.php(363): CodeIgniter\CodeIgniter->run()
 7 SYSTEMPATH\Boot.php(68): CodeIgniter\Boot::runCodeIgniter(Object(CodeIgniter\CodeIgniter))
 8 FCPATH\index.php(59): CodeIgniter\Boot::bootWeb(Object(Config\Paths))
 9 SYSTEMPATH\rewrite.php(44): require_once('C:\\xampp\\htdocs\\nyobaUAS\\public\\index.php')
DEBUG - 2025-11-30 12:05:14 --> Session: Class initialized using 'CodeIgniter\Session\Handlers\FileHandler' driver.
DEBUG - 2025-11-30 12:05:19 --> Session: Class initialized using 'CodeIgniter\Session\Handlers\FileHandler' driver.
WARNING - 2025-11-30 12:05:42 --> [DEPRECATED] round(): Passing null to parameter #1 ($num) of type int|float is deprecated in APPPATH\Views\Shop\detail.php on line 175.
 1 APPPATH\Views\Shop\detail.php(175): round(null, 1)
 2 SYSTEMPATH\View\View.php(226): include('C:\\xampp\\htdocs\\nyobaUAS\\app\\Views\\Shop\\detail.php')
 3 SYSTEMPATH\View\View.php(229): CodeIgniter\View\View->CodeIgniter\View\{closure}()
 4 SYSTEMPATH\Common.php(1167): CodeIgniter\View\View->render('Shop/detail', [], true)
 5 APPPATH\Controllers\Shop.php(109): view('Shop/detail', [...])
 6 SYSTEMPATH\CodeIgniter.php(933): App\Controllers\Shop->detail('premium-portland-cement')
 7 SYSTEMPATH\CodeIgniter.php(507): CodeIgniter\CodeIgniter->runController(Object(App\Controllers\Shop))
 8 SYSTEMPATH\CodeIgniter.php(354): CodeIgniter\CodeIgniter->handleRequest(null, Object(Config\Cache), false)
 9 SYSTEMPATH\Boot.php(363): CodeIgniter\CodeIgniter->run()
10 SYSTEMPATH\Boot.php(68): CodeIgniter\Boot::runCodeIgniter(Object(CodeIgniter\CodeIgniter))
11 FCPATH\index.php(59): CodeIgniter\Boot::bootWeb(Object(Config\Paths))
12 SYSTEMPATH\rewrite.php(44): require_once('C:\\xampp\\htdocs\\nyobaUAS\\public\\index.php')
WARNING - 2025-11-30 12:05:42 --> [DEPRECATED] number_format(): Passing null to parameter #1 ($num) of type float is deprecated in APPPATH\Views\Shop\detail.php on line 179.
 1 APPPATH\Views\Shop\detail.php(179): number_format(null, 1)
 2 SYSTEMPATH\View\View.php(226): include('C:\\xampp\\htdocs\\nyobaUAS\\app\\Views\\Shop\\detail.php')
 3 SYSTEMPATH\View\View.php(229): CodeIgniter\View\View->CodeIgniter\View\{closure}()
 4 SYSTEMPATH\Common.php(1167): CodeIgniter\View\View->render('Shop/detail', [], true)
 5 APPPATH\Controllers\Shop.php(109): view('Shop/detail', [...])
 6 SYSTEMPATH\CodeIgniter.php(933): App\Controllers\Shop->detail('premium-portland-cement')
 7 SYSTEMPATH\CodeIgniter.php(507): CodeIgniter\CodeIgniter->runController(Object(App\Controllers\Shop))
 8 SYSTEMPATH\CodeIgniter.php(354): CodeIgniter\CodeIgniter->handleRequest(null, Object(Config\Cache), false)
 9 SYSTEMPATH\Boot.php(363): CodeIgniter\CodeIgniter->run()
10 SYSTEMPATH\Boot.php(68): CodeIgniter\Boot::runCodeIgniter(Object(CodeIgniter\CodeIgniter))
11 FCPATH\index.php(59): CodeIgniter\Boot::bootWeb(Object(Config\Paths))
12 SYSTEMPATH\rewrite.php(44): require_once('C:\\xampp\\htdocs\\nyobaUAS\\public\\index.php')
WARNING - 2025-11-30 12:05:42 --> [DEPRECATED] number_format(): Passing null to parameter #1 ($num) of type float is deprecated in APPPATH\Views\Shop\detail.php on line 232.
 1 APPPATH\Views\Shop\detail.php(232): number_format(null, 1)
 2 SYSTEMPATH\View\View.php(226): include('C:\\xampp\\htdocs\\nyobaUAS\\app\\Views\\Shop\\detail.php')
 3 SYSTEMPATH\View\View.php(229): CodeIgniter\View\View->CodeIgniter\View\{closure}()
 4 SYSTEMPATH\Common.php(1167): CodeIgniter\View\View->render('Shop/detail', [], true)
 5 APPPATH\Controllers\Shop.php(109): view('Shop/detail', [...])
 6 SYSTEMPATH\CodeIgniter.php(933): App\Controllers\Shop->detail('premium-portland-cement')
 7 SYSTEMPATH\CodeIgniter.php(507): CodeIgniter\CodeIgniter->runController(Object(App\Controllers\Shop))
 8 SYSTEMPATH\CodeIgniter.php(354): CodeIgniter\CodeIgniter->handleRequest(null, Object(Config\Cache), false)
 9 SYSTEMPATH\Boot.php(363): CodeIgniter\CodeIgniter->run()
10 SYSTEMPATH\Boot.php(68): CodeIgniter\Boot::runCodeIgniter(Object(CodeIgniter\CodeIgniter))
11 FCPATH\index.php(59): CodeIgniter\Boot::bootWeb(Object(Config\Paths))
12 SYSTEMPATH\rewrite.php(44): require_once('C:\\xampp\\htdocs\\nyobaUAS\\public\\index.php')
WARNING - 2025-11-30 12:05:42 --> [DEPRECATED] round(): Passing null to parameter #1 ($num) of type int|float is deprecated in APPPATH\Views\Shop\detail.php on line 235.
 1 APPPATH\Views\Shop\detail.php(235): round(null, 1)
 2 SYSTEMPATH\View\View.php(226): include('C:\\xampp\\htdocs\\nyobaUAS\\app\\Views\\Shop\\detail.php')
 3 SYSTEMPATH\View\View.php(229): CodeIgniter\View\View->CodeIgniter\View\{closure}()
 4 SYSTEMPATH\Common.php(1167): CodeIgniter\View\View->render('Shop/detail', [], true)
 5 APPPATH\Controllers\Shop.php(109): view('Shop/detail', [...])
 6 SYSTEMPATH\CodeIgniter.php(933): App\Controllers\Shop->detail('premium-portland-cement')
 7 SYSTEMPATH\CodeIgniter.php(507): CodeIgniter\CodeIgniter->runController(Object(App\Controllers\Shop))
 8 SYSTEMPATH\CodeIgniter.php(354): CodeIgniter\CodeIgniter->handleRequest(null, Object(Config\Cache), false)
 9 SYSTEMPATH\Boot.php(363): CodeIgniter\CodeIgniter->run()
10 SYSTEMPATH\Boot.php(68): CodeIgniter\Boot::runCodeIgniter(Object(CodeIgniter\CodeIgniter))
11 FCPATH\index.php(59): CodeIgniter\Boot::bootWeb(Object(Config\Paths))
12 SYSTEMPATH\rewrite.php(44): require_once('C:\\xampp\\htdocs\\nyobaUAS\\public\\index.php')
DEBUG - 2025-11-30 13:54:07 --> Session: Class initialized using 'CodeIgniter\Session\Handlers\FileHandler' driver.
DEBUG - 2025-11-30 13:54:37 --> Session: Class initialized using 'CodeIgniter\Session\Handlers\FileHandler' driver.
DEBUG - 2025-11-30 13:54:44 --> Session: Class initialized using 'CodeIgniter\Session\Handlers\FileHandler' driver.
DEBUG - 2025-11-30 13:54:49 --> Session: Class initialized using 'CodeIgniter\Session\Handlers\FileHandler' driver.
DEBUG - 2025-11-30 13:54:50 --> Session: Class initialized using 'CodeIgniter\Session\Handlers\FileHandler' driver.
DEBUG - 2025-11-30 13:54:59 --> Session: Class initialized using 'CodeIgniter\Session\Handlers\FileHandler' driver.
DEBUG - 2025-11-30 13:57:26 --> Session: Class initialized using 'CodeIgniter\Session\Handlers\FileHandler' driver.
DEBUG - 2025-11-30 13:57:35 --> Session: Class initialized using 'CodeIgniter\Session\Handlers\FileHandler' driver.
DEBUG - 2025-11-30 13:57:59 --> Session: Class initialized using 'CodeIgniter\Session\Handlers\FileHandler' driver.
DEBUG - 2025-11-30 13:58:00 --> Session: Class initialized using 'CodeIgniter\Session\Handlers\FileHandler' driver.
DEBUG - 2025-11-30 13:59:39 --> Session: Class initialized using 'CodeIgniter\Session\Handlers\FileHandler' driver.
DEBUG - 2025-11-30 13:59:40 --> Session: Class initialized using 'CodeIgniter\Session\Handlers\FileHandler' driver.
DEBUG - 2025-11-30 13:59:53 --> Session: Class initialized using 'CodeIgniter\Session\Handlers\FileHandler' driver.
WARNING - 2025-11-30 14:00:40 --> [DEPRECATED] round(): Passing null to parameter #1 ($num) of type int|float is deprecated in APPPATH\Views\Shop\detail.php on line 175.
 1 APPPATH\Views\Shop\detail.php(175): round(null, 1)
 2 SYSTEMPATH\View\View.php(226): include('C:\\xampp\\htdocs\\nyobaUAS\\app\\Views\\Shop\\detail.php')
 3 SYSTEMPATH\View\View.php(229): CodeIgniter\View\View->CodeIgniter\View\{closure}()
 4 SYSTEMPATH\Common.php(1167): CodeIgniter\View\View->render('Shop/detail', [], true)
 5 APPPATH\Controllers\Shop.php(109): view('Shop/detail', [...])
 6 SYSTEMPATH\CodeIgniter.php(933): App\Controllers\Shop->detail('safety-helmet-set')
 7 SYSTEMPATH\CodeIgniter.php(507): CodeIgniter\CodeIgniter->runController(Object(App\Controllers\Shop))
 8 SYSTEMPATH\CodeIgniter.php(354): CodeIgniter\CodeIgniter->handleRequest(null, Object(Config\Cache), false)
 9 SYSTEMPATH\Boot.php(363): CodeIgniter\CodeIgniter->run()
10 SYSTEMPATH\Boot.php(68): CodeIgniter\Boot::runCodeIgniter(Object(CodeIgniter\CodeIgniter))
11 FCPATH\index.php(59): CodeIgniter\Boot::bootWeb(Object(Config\Paths))
12 SYSTEMPATH\rewrite.php(44): require_once('C:\\xampp\\htdocs\\nyobaUAS\\public\\index.php')
WARNING - 2025-11-30 14:00:40 --> [DEPRECATED] number_format(): Passing null to parameter #1 ($num) of type float is deprecated in APPPATH\Views\Shop\detail.php on line 179.
 1 APPPATH\Views\Shop\detail.php(179): number_format(null, 1)
 2 SYSTEMPATH\View\View.php(226): include('C:\\xampp\\htdocs\\nyobaUAS\\app\\Views\\Shop\\detail.php')
 3 SYSTEMPATH\View\View.php(229): CodeIgniter\View\View->CodeIgniter\View\{closure}()
 4 SYSTEMPATH\Common.php(1167): CodeIgniter\View\View->render('Shop/detail', [], true)
 5 APPPATH\Controllers\Shop.php(109): view('Shop/detail', [...])
 6 SYSTEMPATH\CodeIgniter.php(933): App\Controllers\Shop->detail('safety-helmet-set')
 7 SYSTEMPATH\CodeIgniter.php(507): CodeIgniter\CodeIgniter->runController(Object(App\Controllers\Shop))
 8 SYSTEMPATH\CodeIgniter.php(354): CodeIgniter\CodeIgniter->handleRequest(null, Object(Config\Cache), false)
 9 SYSTEMPATH\Boot.php(363): CodeIgniter\CodeIgniter->run()
10 SYSTEMPATH\Boot.php(68): CodeIgniter\Boot::runCodeIgniter(Object(CodeIgniter\CodeIgniter))
11 FCPATH\index.php(59): CodeIgniter\Boot::bootWeb(Object(Config\Paths))
12 SYSTEMPATH\rewrite.php(44): require_once('C:\\xampp\\htdocs\\nyobaUAS\\public\\index.php')
WARNING - 2025-11-30 14:00:40 --> [DEPRECATED] number_format(): Passing null to parameter #1 ($num) of type float is deprecated in APPPATH\Views\Shop\detail.php on line 232.
 1 APPPATH\Views\Shop\detail.php(232): number_format(null, 1)
 2 SYSTEMPATH\View\View.php(226): include('C:\\xampp\\htdocs\\nyobaUAS\\app\\Views\\Shop\\detail.php')
 3 SYSTEMPATH\View\View.php(229): CodeIgniter\View\View->CodeIgniter\View\{closure}()
 4 SYSTEMPATH\Common.php(1167): CodeIgniter\View\View->render('Shop/detail', [], true)
 5 APPPATH\Controllers\Shop.php(109): view('Shop/detail', [...])
 6 SYSTEMPATH\CodeIgniter.php(933): App\Controllers\Shop->detail('safety-helmet-set')
 7 SYSTEMPATH\CodeIgniter.php(507): CodeIgniter\CodeIgniter->runController(Object(App\Controllers\Shop))
 8 SYSTEMPATH\CodeIgniter.php(354): CodeIgniter\CodeIgniter->handleRequest(null, Object(Config\Cache), false)
 9 SYSTEMPATH\Boot.php(363): CodeIgniter\CodeIgniter->run()
10 SYSTEMPATH\Boot.php(68): CodeIgniter\Boot::runCodeIgniter(Object(CodeIgniter\CodeIgniter))
11 FCPATH\index.php(59): CodeIgniter\Boot::bootWeb(Object(Config\Paths))
12 SYSTEMPATH\rewrite.php(44): require_once('C:\\xampp\\htdocs\\nyobaUAS\\public\\index.php')
WARNING - 2025-11-30 14:00:40 --> [DEPRECATED] round(): Passing null to parameter #1 ($num) of type int|float is deprecated in APPPATH\Views\Shop\detail.php on line 235.
 1 APPPATH\Views\Shop\detail.php(235): round(null, 1)
 2 SYSTEMPATH\View\View.php(226): include('C:\\xampp\\htdocs\\nyobaUAS\\app\\Views\\Shop\\detail.php')
 3 SYSTEMPATH\View\View.php(229): CodeIgniter\View\View->CodeIgniter\View\{closure}()
 4 SYSTEMPATH\Common.php(1167): CodeIgniter\View\View->render('Shop/detail', [], true)
 5 APPPATH\Controllers\Shop.php(109): view('Shop/detail', [...])
 6 SYSTEMPATH\CodeIgniter.php(933): App\Controllers\Shop->detail('safety-helmet-set')
 7 SYSTEMPATH\CodeIgniter.php(507): CodeIgniter\CodeIgniter->runController(Object(App\Controllers\Shop))
 8 SYSTEMPATH\CodeIgniter.php(354): CodeIgniter\CodeIgniter->handleRequest(null, Object(Config\Cache), false)
 9 SYSTEMPATH\Boot.php(363): CodeIgniter\CodeIgniter->run()
10 SYSTEMPATH\Boot.php(68): CodeIgniter\Boot::runCodeIgniter(Object(CodeIgniter\CodeIgniter))
11 FCPATH\index.php(59): CodeIgniter\Boot::bootWeb(Object(Config\Paths))
12 SYSTEMPATH\rewrite.php(44): require_once('C:\\xampp\\htdocs\\nyobaUAS\\public\\index.php')
DEBUG - 2025-11-30 14:00:53 --> Session: Class initialized using 'CodeIgniter\Session\Handlers\FileHandler' driver.
DEBUG - 2025-11-30 14:00:54 --> Session: Class initialized using 'CodeIgniter\Session\Handlers\FileHandler' driver.
DEBUG - 2025-11-30 14:01:18 --> Session: Class initialized using 'CodeIgniter\Session\Handlers\FileHandler' driver.
DEBUG - 2025-11-30 14:01:27 --> Session: Class initialized using 'CodeIgniter\Session\Handlers\FileHandler' driver.
DEBUG - 2025-11-30 14:02:25 --> Session: Class initialized using 'CodeIgniter\Session\Handlers\FileHandler' driver.
DEBUG - 2025-11-30 14:02:28 --> Session: Class initialized using 'CodeIgniter\Session\Handlers\FileHandler' driver.
DEBUG - 2025-11-30 14:08:30 --> Session: Class initialized using 'CodeIgniter\Session\Handlers\FileHandler' driver.
WARNING - 2025-11-30 14:09:17 --> [DEPRECATED] round(): Passing null to parameter #1 ($num) of type int|float is deprecated in APPPATH\Views\Shop\detail.php on line 175.
 1 APPPATH\Views\Shop\detail.php(175): round(null, 1)
 2 SYSTEMPATH\View\View.php(226): include('C:\\xampp\\htdocs\\nyobaUAS\\app\\Views\\Shop\\detail.php')
 3 SYSTEMPATH\View\View.php(229): CodeIgniter\View\View->CodeIgniter\View\{closure}()
 4 SYSTEMPATH\Common.php(1167): CodeIgniter\View\View->render('Shop/detail', [], true)
 5 APPPATH\Controllers\Shop.php(109): view('Shop/detail', [...])
 6 SYSTEMPATH\CodeIgniter.php(933): App\Controllers\Shop->detail('safety-helmet-set')
 7 SYSTEMPATH\CodeIgniter.php(507): CodeIgniter\CodeIgniter->runController(Object(App\Controllers\Shop))
 8 SYSTEMPATH\CodeIgniter.php(354): CodeIgniter\CodeIgniter->handleRequest(null, Object(Config\Cache), false)
 9 SYSTEMPATH\Boot.php(363): CodeIgniter\CodeIgniter->run()
10 SYSTEMPATH\Boot.php(68): CodeIgniter\Boot::runCodeIgniter(Object(CodeIgniter\CodeIgniter))
11 FCPATH\index.php(59): CodeIgniter\Boot::bootWeb(Object(Config\Paths))
12 SYSTEMPATH\rewrite.php(44): require_once('C:\\xampp\\htdocs\\nyobaUAS\\public\\index.php')
WARNING - 2025-11-30 14:09:17 --> [DEPRECATED] number_format(): Passing null to parameter #1 ($num) of type float is deprecated in APPPATH\Views\Shop\detail.php on line 179.
 1 APPPATH\Views\Shop\detail.php(179): number_format(null, 1)
 2 SYSTEMPATH\View\View.php(226): include('C:\\xampp\\htdocs\\nyobaUAS\\app\\Views\\Shop\\detail.php')
 3 SYSTEMPATH\View\View.php(229): CodeIgniter\View\View->CodeIgniter\View\{closure}()
 4 SYSTEMPATH\Common.php(1167): CodeIgniter\View\View->render('Shop/detail', [], true)
 5 APPPATH\Controllers\Shop.php(109): view('Shop/detail', [...])
 6 SYSTEMPATH\CodeIgniter.php(933): App\Controllers\Shop->detail('safety-helmet-set')
 7 SYSTEMPATH\CodeIgniter.php(507): CodeIgniter\CodeIgniter->runController(Object(App\Controllers\Shop))
 8 SYSTEMPATH\CodeIgniter.php(354): CodeIgniter\CodeIgniter->handleRequest(null, Object(Config\Cache), false)
 9 SYSTEMPATH\Boot.php(363): CodeIgniter\CodeIgniter->run()
10 SYSTEMPATH\Boot.php(68): CodeIgniter\Boot::runCodeIgniter(Object(CodeIgniter\CodeIgniter))
11 FCPATH\index.php(59): CodeIgniter\Boot::bootWeb(Object(Config\Paths))
12 SYSTEMPATH\rewrite.php(44): require_once('C:\\xampp\\htdocs\\nyobaUAS\\public\\index.php')
WARNING - 2025-11-30 14:09:17 --> [DEPRECATED] number_format(): Passing null to parameter #1 ($num) of type float is deprecated in APPPATH\Views\Shop\detail.php on line 232.
 1 APPPATH\Views\Shop\detail.php(232): number_format(null, 1)
 2 SYSTEMPATH\View\View.php(226): include('C:\\xampp\\htdocs\\nyobaUAS\\app\\Views\\Shop\\detail.php')
 3 SYSTEMPATH\View\View.php(229): CodeIgniter\View\View->CodeIgniter\View\{closure}()
 4 SYSTEMPATH\Common.php(1167): CodeIgniter\View\View->render('Shop/detail', [], true)
 5 APPPATH\Controllers\Shop.php(109): view('Shop/detail', [...])
 6 SYSTEMPATH\CodeIgniter.php(933): App\Controllers\Shop->detail('safety-helmet-set')
 7 SYSTEMPATH\CodeIgniter.php(507): CodeIgniter\CodeIgniter->runController(Object(App\Controllers\Shop))
 8 SYSTEMPATH\CodeIgniter.php(354): CodeIgniter\CodeIgniter->handleRequest(null, Object(Config\Cache), false)
 9 SYSTEMPATH\Boot.php(363): CodeIgniter\CodeIgniter->run()
10 SYSTEMPATH\Boot.php(68): CodeIgniter\Boot::runCodeIgniter(Object(CodeIgniter\CodeIgniter))
11 FCPATH\index.php(59): CodeIgniter\Boot::bootWeb(Object(Config\Paths))
12 SYSTEMPATH\rewrite.php(44): require_once('C:\\xampp\\htdocs\\nyobaUAS\\public\\index.php')
WARNING - 2025-11-30 14:09:17 --> [DEPRECATED] round(): Passing null to parameter #1 ($num) of type int|float is deprecated in APPPATH\Views\Shop\detail.php on line 235.
 1 APPPATH\Views\Shop\detail.php(235): round(null, 1)
 2 SYSTEMPATH\View\View.php(226): include('C:\\xampp\\htdocs\\nyobaUAS\\app\\Views\\Shop\\detail.php')
 3 SYSTEMPATH\View\View.php(229): CodeIgniter\View\View->CodeIgniter\View\{closure}()
 4 SYSTEMPATH\Common.php(1167): CodeIgniter\View\View->render('Shop/detail', [], true)
 5 APPPATH\Controllers\Shop.php(109): view('Shop/detail', [...])
 6 SYSTEMPATH\CodeIgniter.php(933): App\Controllers\Shop->detail('safety-helmet-set')
 7 SYSTEMPATH\CodeIgniter.php(507): CodeIgniter\CodeIgniter->runController(Object(App\Controllers\Shop))
 8 SYSTEMPATH\CodeIgniter.php(354): CodeIgniter\CodeIgniter->handleRequest(null, Object(Config\Cache), false)
 9 SYSTEMPATH\Boot.php(363): CodeIgniter\CodeIgniter->run()
10 SYSTEMPATH\Boot.php(68): CodeIgniter\Boot::runCodeIgniter(Object(CodeIgniter\CodeIgniter))
11 FCPATH\index.php(59): CodeIgniter\Boot::bootWeb(Object(Config\Paths))
12 SYSTEMPATH\rewrite.php(44): require_once('C:\\xampp\\htdocs\\nyobaUAS\\public\\index.php')
DEBUG - 2025-11-30 14:09:28 --> Session: Class initialized using 'CodeIgniter\Session\Handlers\FileHandler' driver.
DEBUG - 2025-11-30 14:09:28 --> Session: Class initialized using 'CodeIgniter\Session\Handlers\FileHandler' driver.
DEBUG - 2025-11-30 14:09:46 --> Session: Class initialized using 'CodeIgniter\Session\Handlers\FileHandler' driver.
DEBUG - 2025-11-30 14:10:06 --> Session: Class initialized using 'CodeIgniter\Session\Handlers\FileHandler' driver.
DEBUG - 2025-11-30 14:10:11 --> Session: Class initialized using 'CodeIgniter\Session\Handlers\FileHandler' driver.
DEBUG - 2025-11-30 14:10:17 --> Session: Class initialized using 'CodeIgniter\Session\Handlers\FileHandler' driver.
DEBUG - 2025-11-30 14:10:22 --> Session: Class initialized using 'CodeIgniter\Session\Handlers\FileHandler' driver.
DEBUG - 2025-11-30 14:10:22 --> Session: Class initialized using 'CodeIgniter\Session\Handlers\FileHandler' driver.
WARNING - 2025-11-30 14:12:10 --> [DEPRECATED] round(): Passing null to parameter #1 ($num) of type int|float is deprecated in APPPATH\Views\Shop\detail.php on line 175.
 1 APPPATH\Views\Shop\detail.php(175): round(null, 1)
 2 SYSTEMPATH\View\View.php(226): include('C:\\xampp\\htdocs\\nyobaUAS\\app\\Views\\Shop\\detail.php')
 3 SYSTEMPATH\View\View.php(229): CodeIgniter\View\View->CodeIgniter\View\{closure}()
 4 SYSTEMPATH\Common.php(1167): CodeIgniter\View\View->render('Shop/detail', [], true)
 5 APPPATH\Controllers\Shop.php(109): view('Shop/detail', [...])
 6 SYSTEMPATH\CodeIgniter.php(933): App\Controllers\Shop->detail('steel-rebar-set')
 7 SYSTEMPATH\CodeIgniter.php(507): CodeIgniter\CodeIgniter->runController(Object(App\Controllers\Shop))
 8 SYSTEMPATH\CodeIgniter.php(354): CodeIgniter\CodeIgniter->handleRequest(null, Object(Config\Cache), false)
 9 SYSTEMPATH\Boot.php(363): CodeIgniter\CodeIgniter->run()
10 SYSTEMPATH\Boot.php(68): CodeIgniter\Boot::runCodeIgniter(Object(CodeIgniter\CodeIgniter))
11 FCPATH\index.php(59): CodeIgniter\Boot::bootWeb(Object(Config\Paths))
12 SYSTEMPATH\rewrite.php(44): require_once('C:\\xampp\\htdocs\\nyobaUAS\\public\\index.php')
WARNING - 2025-11-30 14:12:10 --> [DEPRECATED] number_format(): Passing null to parameter #1 ($num) of type float is deprecated in APPPATH\Views\Shop\detail.php on line 179.
 1 APPPATH\Views\Shop\detail.php(179): number_format(null, 1)
 2 SYSTEMPATH\View\View.php(226): include('C:\\xampp\\htdocs\\nyobaUAS\\app\\Views\\Shop\\detail.php')
 3 SYSTEMPATH\View\View.php(229): CodeIgniter\View\View->CodeIgniter\View\{closure}()
 4 SYSTEMPATH\Common.php(1167): CodeIgniter\View\View->render('Shop/detail', [], true)
 5 APPPATH\Controllers\Shop.php(109): view('Shop/detail', [...])
 6 SYSTEMPATH\CodeIgniter.php(933): App\Controllers\Shop->detail('steel-rebar-set')
 7 SYSTEMPATH\CodeIgniter.php(507): CodeIgniter\CodeIgniter->runController(Object(App\Controllers\Shop))
 8 SYSTEMPATH\CodeIgniter.php(354): CodeIgniter\CodeIgniter->handleRequest(null, Object(Config\Cache), false)
 9 SYSTEMPATH\Boot.php(363): CodeIgniter\CodeIgniter->run()
10 SYSTEMPATH\Boot.php(68): CodeIgniter\Boot::runCodeIgniter(Object(CodeIgniter\CodeIgniter))
11 FCPATH\index.php(59): CodeIgniter\Boot::bootWeb(Object(Config\Paths))
12 SYSTEMPATH\rewrite.php(44): require_once('C:\\xampp\\htdocs\\nyobaUAS\\public\\index.php')
WARNING - 2025-11-30 14:12:10 --> [DEPRECATED] number_format(): Passing null to parameter #1 ($num) of type float is deprecated in APPPATH\Views\Shop\detail.php on line 232.
 1 APPPATH\Views\Shop\detail.php(232): number_format(null, 1)
 2 SYSTEMPATH\View\View.php(226): include('C:\\xampp\\htdocs\\nyobaUAS\\app\\Views\\Shop\\detail.php')
 3 SYSTEMPATH\View\View.php(229): CodeIgniter\View\View->CodeIgniter\View\{closure}()
 4 SYSTEMPATH\Common.php(1167): CodeIgniter\View\View->render('Shop/detail', [], true)
 5 APPPATH\Controllers\Shop.php(109): view('Shop/detail', [...])
 6 SYSTEMPATH\CodeIgniter.php(933): App\Controllers\Shop->detail('steel-rebar-set')
 7 SYSTEMPATH\CodeIgniter.php(507): CodeIgniter\CodeIgniter->runController(Object(App\Controllers\Shop))
 8 SYSTEMPATH\CodeIgniter.php(354): CodeIgniter\CodeIgniter->handleRequest(null, Object(Config\Cache), false)
 9 SYSTEMPATH\Boot.php(363): CodeIgniter\CodeIgniter->run()
10 SYSTEMPATH\Boot.php(68): CodeIgniter\Boot::runCodeIgniter(Object(CodeIgniter\CodeIgniter))
11 FCPATH\index.php(59): CodeIgniter\Boot::bootWeb(Object(Config\Paths))
12 SYSTEMPATH\rewrite.php(44): require_once('C:\\xampp\\htdocs\\nyobaUAS\\public\\index.php')
WARNING - 2025-11-30 14:12:10 --> [DEPRECATED] round(): Passing null to parameter #1 ($num) of type int|float is deprecated in APPPATH\Views\Shop\detail.php on line 235.
 1 APPPATH\Views\Shop\detail.php(235): round(null, 1)
 2 SYSTEMPATH\View\View.php(226): include('C:\\xampp\\htdocs\\nyobaUAS\\app\\Views\\Shop\\detail.php')
 3 SYSTEMPATH\View\View.php(229): CodeIgniter\View\View->CodeIgniter\View\{closure}()
 4 SYSTEMPATH\Common.php(1167): CodeIgniter\View\View->render('Shop/detail', [], true)
 5 APPPATH\Controllers\Shop.php(109): view('Shop/detail', [...])
 6 SYSTEMPATH\CodeIgniter.php(933): App\Controllers\Shop->detail('steel-rebar-set')
 7 SYSTEMPATH\CodeIgniter.php(507): CodeIgniter\CodeIgniter->runController(Object(App\Controllers\Shop))
 8 SYSTEMPATH\CodeIgniter.php(354): CodeIgniter\CodeIgniter->handleRequest(null, Object(Config\Cache), false)
 9 SYSTEMPATH\Boot.php(363): CodeIgniter\CodeIgniter->run()
10 SYSTEMPATH\Boot.php(68): CodeIgniter\Boot::runCodeIgniter(Object(CodeIgniter\CodeIgniter))
11 FCPATH\index.php(59): CodeIgniter\Boot::bootWeb(Object(Config\Paths))
12 SYSTEMPATH\rewrite.php(44): require_once('C:\\xampp\\htdocs\\nyobaUAS\\public\\index.php')
WARNING - 2025-11-30 14:13:52 --> [DEPRECATED] round(): Passing null to parameter #1 ($num) of type int|float is deprecated in APPPATH\Views\Shop\detail.php on line 175.
 1 APPPATH\Views\Shop\detail.php(175): round(null, 1)
 2 SYSTEMPATH\View\View.php(226): include('C:\\xampp\\htdocs\\nyobaUAS\\app\\Views\\Shop\\detail.php')
 3 SYSTEMPATH\View\View.php(229): CodeIgniter\View\View->CodeIgniter\View\{closure}()
 4 SYSTEMPATH\Common.php(1167): CodeIgniter\View\View->render('Shop/detail', [], true)
 5 APPPATH\Controllers\Shop.php(109): view('Shop/detail', [...])
 6 SYSTEMPATH\CodeIgniter.php(933): App\Controllers\Shop->detail('safety-helmet-set')
 7 SYSTEMPATH\CodeIgniter.php(507): CodeIgniter\CodeIgniter->runController(Object(App\Controllers\Shop))
 8 SYSTEMPATH\CodeIgniter.php(354): CodeIgniter\CodeIgniter->handleRequest(null, Object(Config\Cache), false)
 9 SYSTEMPATH\Boot.php(363): CodeIgniter\CodeIgniter->run()
10 SYSTEMPATH\Boot.php(68): CodeIgniter\Boot::runCodeIgniter(Object(CodeIgniter\CodeIgniter))
11 FCPATH\index.php(59): CodeIgniter\Boot::bootWeb(Object(Config\Paths))
12 SYSTEMPATH\rewrite.php(44): require_once('C:\\xampp\\htdocs\\nyobaUAS\\public\\index.php')
WARNING - 2025-11-30 14:13:52 --> [DEPRECATED] number_format(): Passing null to parameter #1 ($num) of type float is deprecated in APPPATH\Views\Shop\detail.php on line 179.
 1 APPPATH\Views\Shop\detail.php(179): number_format(null, 1)
 2 SYSTEMPATH\View\View.php(226): include('C:\\xampp\\htdocs\\nyobaUAS\\app\\Views\\Shop\\detail.php')
 3 SYSTEMPATH\View\View.php(229): CodeIgniter\View\View->CodeIgniter\View\{closure}()
 4 SYSTEMPATH\Common.php(1167): CodeIgniter\View\View->render('Shop/detail', [], true)
 5 APPPATH\Controllers\Shop.php(109): view('Shop/detail', [...])
 6 SYSTEMPATH\CodeIgniter.php(933): App\Controllers\Shop->detail('safety-helmet-set')
 7 SYSTEMPATH\CodeIgniter.php(507): CodeIgniter\CodeIgniter->runController(Object(App\Controllers\Shop))
 8 SYSTEMPATH\CodeIgniter.php(354): CodeIgniter\CodeIgniter->handleRequest(null, Object(Config\Cache), false)
 9 SYSTEMPATH\Boot.php(363): CodeIgniter\CodeIgniter->run()
10 SYSTEMPATH\Boot.php(68): CodeIgniter\Boot::runCodeIgniter(Object(CodeIgniter\CodeIgniter))
11 FCPATH\index.php(59): CodeIgniter\Boot::bootWeb(Object(Config\Paths))
12 SYSTEMPATH\rewrite.php(44): require_once('C:\\xampp\\htdocs\\nyobaUAS\\public\\index.php')
WARNING - 2025-11-30 14:13:52 --> [DEPRECATED] number_format(): Passing null to parameter #1 ($num) of type float is deprecated in APPPATH\Views\Shop\detail.php on line 232.
 1 APPPATH\Views\Shop\detail.php(232): number_format(null, 1)
 2 SYSTEMPATH\View\View.php(226): include('C:\\xampp\\htdocs\\nyobaUAS\\app\\Views\\Shop\\detail.php')
 3 SYSTEMPATH\View\View.php(229): CodeIgniter\View\View->CodeIgniter\View\{closure}()
 4 SYSTEMPATH\Common.php(1167): CodeIgniter\View\View->render('Shop/detail', [], true)
 5 APPPATH\Controllers\Shop.php(109): view('Shop/detail', [...])
 6 SYSTEMPATH\CodeIgniter.php(933): App\Controllers\Shop->detail('safety-helmet-set')
 7 SYSTEMPATH\CodeIgniter.php(507): CodeIgniter\CodeIgniter->runController(Object(App\Controllers\Shop))
 8 SYSTEMPATH\CodeIgniter.php(354): CodeIgniter\CodeIgniter->handleRequest(null, Object(Config\Cache), false)
 9 SYSTEMPATH\Boot.php(363): CodeIgniter\CodeIgniter->run()
10 SYSTEMPATH\Boot.php(68): CodeIgniter\Boot::runCodeIgniter(Object(CodeIgniter\CodeIgniter))
11 FCPATH\index.php(59): CodeIgniter\Boot::bootWeb(Object(Config\Paths))
12 SYSTEMPATH\rewrite.php(44): require_once('C:\\xampp\\htdocs\\nyobaUAS\\public\\index.php')
WARNING - 2025-11-30 14:13:52 --> [DEPRECATED] round(): Passing null to parameter #1 ($num) of type int|float is deprecated in APPPATH\Views\Shop\detail.php on line 235.
 1 APPPATH\Views\Shop\detail.php(235): round(null, 1)
 2 SYSTEMPATH\View\View.php(226): include('C:\\xampp\\htdocs\\nyobaUAS\\app\\Views\\Shop\\detail.php')
 3 SYSTEMPATH\View\View.php(229): CodeIgniter\View\View->CodeIgniter\View\{closure}()
 4 SYSTEMPATH\Common.php(1167): CodeIgniter\View\View->render('Shop/detail', [], true)
 5 APPPATH\Controllers\Shop.php(109): view('Shop/detail', [...])
 6 SYSTEMPATH\CodeIgniter.php(933): App\Controllers\Shop->detail('safety-helmet-set')
 7 SYSTEMPATH\CodeIgniter.php(507): CodeIgniter\CodeIgniter->runController(Object(App\Controllers\Shop))
 8 SYSTEMPATH\CodeIgniter.php(354): CodeIgniter\CodeIgniter->handleRequest(null, Object(Config\Cache), false)
 9 SYSTEMPATH\Boot.php(363): CodeIgniter\CodeIgniter->run()
10 SYSTEMPATH\Boot.php(68): CodeIgniter\Boot::runCodeIgniter(Object(CodeIgniter\CodeIgniter))
11 FCPATH\index.php(59): CodeIgniter\Boot::bootWeb(Object(Config\Paths))
12 SYSTEMPATH\rewrite.php(44): require_once('C:\\xampp\\htdocs\\nyobaUAS\\public\\index.php')
DEBUG - 2025-11-30 14:13:56 --> Session: Class initialized using 'CodeIgniter\Session\Handlers\FileHandler' driver.
DEBUG - 2025-11-30 14:13:59 --> Session: Class initialized using 'CodeIgniter\Session\Handlers\FileHandler' driver.
DEBUG - 2025-11-30 14:14:10 --> Session: Class initialized using 'CodeIgniter\Session\Handlers\FileHandler' driver.
DEBUG - 2025-11-30 14:14:11 --> Session: Class initialized using 'CodeIgniter\Session\Handlers\FileHandler' driver.
DEBUG - 2025-11-30 14:14:19 --> Session: Class initialized using 'CodeIgniter\Session\Handlers\FileHandler' driver.
DEBUG - 2025-11-30 14:14:20 --> Session: Class initialized using 'CodeIgniter\Session\Handlers\FileHandler' driver.
DEBUG - 2025-11-30 14:14:45 --> Session: Class initialized using 'CodeIgniter\Session\Handlers\FileHandler' driver.
DEBUG - 2025-11-30 14:14:45 --> Session: Class initialized using 'CodeIgniter\Session\Handlers\FileHandler' driver.
DEBUG - 2025-11-30 14:15:42 --> Session: Class initialized using 'CodeIgniter\Session\Handlers\FileHandler' driver.
WARNING - 2025-11-30 14:17:26 --> [DEPRECATED] round(): Passing null to parameter #1 ($num) of type int|float is deprecated in APPPATH\Views\Shop\detail.php on line 175.
 1 APPPATH\Views\Shop\detail.php(175): round(null, 1)
 2 SYSTEMPATH\View\View.php(226): include('C:\\xampp\\htdocs\\nyobaUAS\\app\\Views\\Shop\\detail.php')
 3 SYSTEMPATH\View\View.php(229): CodeIgniter\View\View->CodeIgniter\View\{closure}()
 4 SYSTEMPATH\Common.php(1167): CodeIgniter\View\View->render('Shop/detail', [], true)
 5 APPPATH\Controllers\Shop.php(109): view('Shop/detail', [...])
 6 SYSTEMPATH\CodeIgniter.php(933): App\Controllers\Shop->detail('safety-helmet-set')
 7 SYSTEMPATH\CodeIgniter.php(507): CodeIgniter\CodeIgniter->runController(Object(App\Controllers\Shop))
 8 SYSTEMPATH\CodeIgniter.php(354): CodeIgniter\CodeIgniter->handleRequest(null, Object(Config\Cache), false)
 9 SYSTEMPATH\Boot.php(363): CodeIgniter\CodeIgniter->run()
10 SYSTEMPATH\Boot.php(68): CodeIgniter\Boot::runCodeIgniter(Object(CodeIgniter\CodeIgniter))
11 FCPATH\index.php(59): CodeIgniter\Boot::bootWeb(Object(Config\Paths))
12 SYSTEMPATH\rewrite.php(44): require_once('C:\\xampp\\htdocs\\nyobaUAS\\public\\index.php')
WARNING - 2025-11-30 14:17:26 --> [DEPRECATED] number_format(): Passing null to parameter #1 ($num) of type float is deprecated in APPPATH\Views\Shop\detail.php on line 179.
 1 APPPATH\Views\Shop\detail.php(179): number_format(null, 1)
 2 SYSTEMPATH\View\View.php(226): include('C:\\xampp\\htdocs\\nyobaUAS\\app\\Views\\Shop\\detail.php')
 3 SYSTEMPATH\View\View.php(229): CodeIgniter\View\View->CodeIgniter\View\{closure}()
 4 SYSTEMPATH\Common.php(1167): CodeIgniter\View\View->render('Shop/detail', [], true)
 5 APPPATH\Controllers\Shop.php(109): view('Shop/detail', [...])
 6 SYSTEMPATH\CodeIgniter.php(933): App\Controllers\Shop->detail('safety-helmet-set')
 7 SYSTEMPATH\CodeIgniter.php(507): CodeIgniter\CodeIgniter->runController(Object(App\Controllers\Shop))
 8 SYSTEMPATH\CodeIgniter.php(354): CodeIgniter\CodeIgniter->handleRequest(null, Object(Config\Cache), false)
 9 SYSTEMPATH\Boot.php(363): CodeIgniter\CodeIgniter->run()
10 SYSTEMPATH\Boot.php(68): CodeIgniter\Boot::runCodeIgniter(Object(CodeIgniter\CodeIgniter))
11 FCPATH\index.php(59): CodeIgniter\Boot::bootWeb(Object(Config\Paths))
12 SYSTEMPATH\rewrite.php(44): require_once('C:\\xampp\\htdocs\\nyobaUAS\\public\\index.php')
WARNING - 2025-11-30 14:17:26 --> [DEPRECATED] number_format(): Passing null to parameter #1 ($num) of type float is deprecated in APPPATH\Views\Shop\detail.php on line 232.
 1 APPPATH\Views\Shop\detail.php(232): number_format(null, 1)
 2 SYSTEMPATH\View\View.php(226): include('C:\\xampp\\htdocs\\nyobaUAS\\app\\Views\\Shop\\detail.php')
 3 SYSTEMPATH\View\View.php(229): CodeIgniter\View\View->CodeIgniter\View\{closure}()
 4 SYSTEMPATH\Common.php(1167): CodeIgniter\View\View->render('Shop/detail', [], true)
 5 APPPATH\Controllers\Shop.php(109): view('Shop/detail', [...])
 6 SYSTEMPATH\CodeIgniter.php(933): App\Controllers\Shop->detail('safety-helmet-set')
 7 SYSTEMPATH\CodeIgniter.php(507): CodeIgniter\CodeIgniter->runController(Object(App\Controllers\Shop))
 8 SYSTEMPATH\CodeIgniter.php(354): CodeIgniter\CodeIgniter->handleRequest(null, Object(Config\Cache), false)
 9 SYSTEMPATH\Boot.php(363): CodeIgniter\CodeIgniter->run()
10 SYSTEMPATH\Boot.php(68): CodeIgniter\Boot::runCodeIgniter(Object(CodeIgniter\CodeIgniter))
11 FCPATH\index.php(59): CodeIgniter\Boot::bootWeb(Object(Config\Paths))
12 SYSTEMPATH\rewrite.php(44): require_once('C:\\xampp\\htdocs\\nyobaUAS\\public\\index.php')
WARNING - 2025-11-30 14:17:26 --> [DEPRECATED] round(): Passing null to parameter #1 ($num) of type int|float is deprecated in APPPATH\Views\Shop\detail.php on line 235.
 1 APPPATH\Views\Shop\detail.php(235): round(null, 1)
 2 SYSTEMPATH\View\View.php(226): include('C:\\xampp\\htdocs\\nyobaUAS\\app\\Views\\Shop\\detail.php')
 3 SYSTEMPATH\View\View.php(229): CodeIgniter\View\View->CodeIgniter\View\{closure}()
 4 SYSTEMPATH\Common.php(1167): CodeIgniter\View\View->render('Shop/detail', [], true)
 5 APPPATH\Controllers\Shop.php(109): view('Shop/detail', [...])
 6 SYSTEMPATH\CodeIgniter.php(933): App\Controllers\Shop->detail('safety-helmet-set')
 7 SYSTEMPATH\CodeIgniter.php(507): CodeIgniter\CodeIgniter->runController(Object(App\Controllers\Shop))
 8 SYSTEMPATH\CodeIgniter.php(354): CodeIgniter\CodeIgniter->handleRequest(null, Object(Config\Cache), false)
 9 SYSTEMPATH\Boot.php(363): CodeIgniter\CodeIgniter->run()
10 SYSTEMPATH\Boot.php(68): CodeIgniter\Boot::runCodeIgniter(Object(CodeIgniter\CodeIgniter))
11 FCPATH\index.php(59): CodeIgniter\Boot::bootWeb(Object(Config\Paths))
12 SYSTEMPATH\rewrite.php(44): require_once('C:\\xampp\\htdocs\\nyobaUAS\\public\\index.php')
DEBUG - 2025-11-30 14:17:52 --> Session: Class initialized using 'CodeIgniter\Session\Handlers\FileHandler' driver.
DEBUG - 2025-11-30 14:17:53 --> Session: Class initialized using 'CodeIgniter\Session\Handlers\FileHandler' driver.
WARNING - 2025-11-30 14:17:55 --> [DEPRECATED] round(): Passing null to parameter #1 ($num) of type int|float is deprecated in APPPATH\Views\Shop\detail.php on line 175.
 1 APPPATH\Views\Shop\detail.php(175): round(null, 1)
 2 SYSTEMPATH\View\View.php(226): include('C:\\xampp\\htdocs\\nyobaUAS\\app\\Views\\Shop\\detail.php')
 3 SYSTEMPATH\View\View.php(229): CodeIgniter\View\View->CodeIgniter\View\{closure}()
 4 SYSTEMPATH\Common.php(1167): CodeIgniter\View\View->render('Shop/detail', [], true)
 5 APPPATH\Controllers\Shop.php(109): view('Shop/detail', [...])
 6 SYSTEMPATH\CodeIgniter.php(933): App\Controllers\Shop->detail('safety-helmet-set')
 7 SYSTEMPATH\CodeIgniter.php(507): CodeIgniter\CodeIgniter->runController(Object(App\Controllers\Shop))
 8 SYSTEMPATH\CodeIgniter.php(354): CodeIgniter\CodeIgniter->handleRequest(null, Object(Config\Cache), false)
 9 SYSTEMPATH\Boot.php(363): CodeIgniter\CodeIgniter->run()
10 SYSTEMPATH\Boot.php(68): CodeIgniter\Boot::runCodeIgniter(Object(CodeIgniter\CodeIgniter))
11 FCPATH\index.php(59): CodeIgniter\Boot::bootWeb(Object(Config\Paths))
12 SYSTEMPATH\rewrite.php(44): require_once('C:\\xampp\\htdocs\\nyobaUAS\\public\\index.php')
WARNING - 2025-11-30 14:17:55 --> [DEPRECATED] number_format(): Passing null to parameter #1 ($num) of type float is deprecated in APPPATH\Views\Shop\detail.php on line 179.
 1 APPPATH\Views\Shop\detail.php(179): number_format(null, 1)
 2 SYSTEMPATH\View\View.php(226): include('C:\\xampp\\htdocs\\nyobaUAS\\app\\Views\\Shop\\detail.php')
 3 SYSTEMPATH\View\View.php(229): CodeIgniter\View\View->CodeIgniter\View\{closure}()
 4 SYSTEMPATH\Common.php(1167): CodeIgniter\View\View->render('Shop/detail', [], true)
 5 APPPATH\Controllers\Shop.php(109): view('Shop/detail', [...])
 6 SYSTEMPATH\CodeIgniter.php(933): App\Controllers\Shop->detail('safety-helmet-set')
 7 SYSTEMPATH\CodeIgniter.php(507): CodeIgniter\CodeIgniter->runController(Object(App\Controllers\Shop))
 8 SYSTEMPATH\CodeIgniter.php(354): CodeIgniter\CodeIgniter->handleRequest(null, Object(Config\Cache), false)
 9 SYSTEMPATH\Boot.php(363): CodeIgniter\CodeIgniter->run()
10 SYSTEMPATH\Boot.php(68): CodeIgniter\Boot::runCodeIgniter(Object(CodeIgniter\CodeIgniter))
11 FCPATH\index.php(59): CodeIgniter\Boot::bootWeb(Object(Config\Paths))
12 SYSTEMPATH\rewrite.php(44): require_once('C:\\xampp\\htdocs\\nyobaUAS\\public\\index.php')
WARNING - 2025-11-30 14:17:55 --> [DEPRECATED] number_format(): Passing null to parameter #1 ($num) of type float is deprecated in APPPATH\Views\Shop\detail.php on line 232.
 1 APPPATH\Views\Shop\detail.php(232): number_format(null, 1)
 2 SYSTEMPATH\View\View.php(226): include('C:\\xampp\\htdocs\\nyobaUAS\\app\\Views\\Shop\\detail.php')
 3 SYSTEMPATH\View\View.php(229): CodeIgniter\View\View->CodeIgniter\View\{closure}()
 4 SYSTEMPATH\Common.php(1167): CodeIgniter\View\View->render('Shop/detail', [], true)
 5 APPPATH\Controllers\Shop.php(109): view('Shop/detail', [...])
 6 SYSTEMPATH\CodeIgniter.php(933): App\Controllers\Shop->detail('safety-helmet-set')
 7 SYSTEMPATH\CodeIgniter.php(507): CodeIgniter\CodeIgniter->runController(Object(App\Controllers\Shop))
 8 SYSTEMPATH\CodeIgniter.php(354): CodeIgniter\CodeIgniter->handleRequest(null, Object(Config\Cache), false)
 9 SYSTEMPATH\Boot.php(363): CodeIgniter\CodeIgniter->run()
10 SYSTEMPATH\Boot.php(68): CodeIgniter\Boot::runCodeIgniter(Object(CodeIgniter\CodeIgniter))
11 FCPATH\index.php(59): CodeIgniter\Boot::bootWeb(Object(Config\Paths))
12 SYSTEMPATH\rewrite.php(44): require_once('C:\\xampp\\htdocs\\nyobaUAS\\public\\index.php')
WARNING - 2025-11-30 14:17:55 --> [DEPRECATED] round(): Passing null to parameter #1 ($num) of type int|float is deprecated in APPPATH\Views\Shop\detail.php on line 235.
 1 APPPATH\Views\Shop\detail.php(235): round(null, 1)
 2 SYSTEMPATH\View\View.php(226): include('C:\\xampp\\htdocs\\nyobaUAS\\app\\Views\\Shop\\detail.php')
 3 SYSTEMPATH\View\View.php(229): CodeIgniter\View\View->CodeIgniter\View\{closure}()
 4 SYSTEMPATH\Common.php(1167): CodeIgniter\View\View->render('Shop/detail', [], true)
 5 APPPATH\Controllers\Shop.php(109): view('Shop/detail', [...])
 6 SYSTEMPATH\CodeIgniter.php(933): App\Controllers\Shop->detail('safety-helmet-set')
 7 SYSTEMPATH\CodeIgniter.php(507): CodeIgniter\CodeIgniter->runController(Object(App\Controllers\Shop))
 8 SYSTEMPATH\CodeIgniter.php(354): CodeIgniter\CodeIgniter->handleRequest(null, Object(Config\Cache), false)
 9 SYSTEMPATH\Boot.php(363): CodeIgniter\CodeIgniter->run()
10 SYSTEMPATH\Boot.php(68): CodeIgniter\Boot::runCodeIgniter(Object(CodeIgniter\CodeIgniter))
11 FCPATH\index.php(59): CodeIgniter\Boot::bootWeb(Object(Config\Paths))
12 SYSTEMPATH\rewrite.php(44): require_once('C:\\xampp\\htdocs\\nyobaUAS\\public\\index.php')
WARNING - 2025-11-30 14:18:47 --> [DEPRECATED] round(): Passing null to parameter #1 ($num) of type int|float is deprecated in APPPATH\Views\Shop\detail.php on line 175.
 1 APPPATH\Views\Shop\detail.php(175): round(null, 1)
 2 SYSTEMPATH\View\View.php(226): include('C:\\xampp\\htdocs\\nyobaUAS\\app\\Views\\Shop\\detail.php')
 3 SYSTEMPATH\View\View.php(229): CodeIgniter\View\View->CodeIgniter\View\{closure}()
 4 SYSTEMPATH\Common.php(1167): CodeIgniter\View\View->render('Shop/detail', [], true)
 5 APPPATH\Controllers\Shop.php(109): view('Shop/detail', [...])
 6 SYSTEMPATH\CodeIgniter.php(933): App\Controllers\Shop->detail('steel-rebar-set')
 7 SYSTEMPATH\CodeIgniter.php(507): CodeIgniter\CodeIgniter->runController(Object(App\Controllers\Shop))
 8 SYSTEMPATH\CodeIgniter.php(354): CodeIgniter\CodeIgniter->handleRequest(null, Object(Config\Cache), false)
 9 SYSTEMPATH\Boot.php(363): CodeIgniter\CodeIgniter->run()
10 SYSTEMPATH\Boot.php(68): CodeIgniter\Boot::runCodeIgniter(Object(CodeIgniter\CodeIgniter))
11 FCPATH\index.php(59): CodeIgniter\Boot::bootWeb(Object(Config\Paths))
12 SYSTEMPATH\rewrite.php(44): require_once('C:\\xampp\\htdocs\\nyobaUAS\\public\\index.php')
WARNING - 2025-11-30 14:18:47 --> [DEPRECATED] number_format(): Passing null to parameter #1 ($num) of type float is deprecated in APPPATH\Views\Shop\detail.php on line 179.
 1 APPPATH\Views\Shop\detail.php(179): number_format(null, 1)
 2 SYSTEMPATH\View\View.php(226): include('C:\\xampp\\htdocs\\nyobaUAS\\app\\Views\\Shop\\detail.php')
 3 SYSTEMPATH\View\View.php(229): CodeIgniter\View\View->CodeIgniter\View\{closure}()
 4 SYSTEMPATH\Common.php(1167): CodeIgniter\View\View->render('Shop/detail', [], true)
 5 APPPATH\Controllers\Shop.php(109): view('Shop/detail', [...])
 6 SYSTEMPATH\CodeIgniter.php(933): App\Controllers\Shop->detail('steel-rebar-set')
 7 SYSTEMPATH\CodeIgniter.php(507): CodeIgniter\CodeIgniter->runController(Object(App\Controllers\Shop))
 8 SYSTEMPATH\CodeIgniter.php(354): CodeIgniter\CodeIgniter->handleRequest(null, Object(Config\Cache), false)
 9 SYSTEMPATH\Boot.php(363): CodeIgniter\CodeIgniter->run()
10 SYSTEMPATH\Boot.php(68): CodeIgniter\Boot::runCodeIgniter(Object(CodeIgniter\CodeIgniter))
11 FCPATH\index.php(59): CodeIgniter\Boot::bootWeb(Object(Config\Paths))
12 SYSTEMPATH\rewrite.php(44): require_once('C:\\xampp\\htdocs\\nyobaUAS\\public\\index.php')
WARNING - 2025-11-30 14:18:47 --> [DEPRECATED] number_format(): Passing null to parameter #1 ($num) of type float is deprecated in APPPATH\Views\Shop\detail.php on line 232.
 1 APPPATH\Views\Shop\detail.php(232): number_format(null, 1)
 2 SYSTEMPATH\View\View.php(226): include('C:\\xampp\\htdocs\\nyobaUAS\\app\\Views\\Shop\\detail.php')
 3 SYSTEMPATH\View\View.php(229): CodeIgniter\View\View->CodeIgniter\View\{closure}()
 4 SYSTEMPATH\Common.php(1167): CodeIgniter\View\View->render('Shop/detail', [], true)
 5 APPPATH\Controllers\Shop.php(109): view('Shop/detail', [...])
 6 SYSTEMPATH\CodeIgniter.php(933): App\Controllers\Shop->detail('steel-rebar-set')
 7 SYSTEMPATH\CodeIgniter.php(507): CodeIgniter\CodeIgniter->runController(Object(App\Controllers\Shop))
 8 SYSTEMPATH\CodeIgniter.php(354): CodeIgniter\CodeIgniter->handleRequest(null, Object(Config\Cache), false)
 9 SYSTEMPATH\Boot.php(363): CodeIgniter\CodeIgniter->run()
10 SYSTEMPATH\Boot.php(68): CodeIgniter\Boot::runCodeIgniter(Object(CodeIgniter\CodeIgniter))
11 FCPATH\index.php(59): CodeIgniter\Boot::bootWeb(Object(Config\Paths))
12 SYSTEMPATH\rewrite.php(44): require_once('C:\\xampp\\htdocs\\nyobaUAS\\public\\index.php')
WARNING - 2025-11-30 14:18:47 --> [DEPRECATED] round(): Passing null to parameter #1 ($num) of type int|float is deprecated in APPPATH\Views\Shop\detail.php on line 235.
 1 APPPATH\Views\Shop\detail.php(235): round(null, 1)
 2 SYSTEMPATH\View\View.php(226): include('C:\\xampp\\htdocs\\nyobaUAS\\app\\Views\\Shop\\detail.php')
 3 SYSTEMPATH\View\View.php(229): CodeIgniter\View\View->CodeIgniter\View\{closure}()
 4 SYSTEMPATH\Common.php(1167): CodeIgniter\View\View->render('Shop/detail', [], true)
 5 APPPATH\Controllers\Shop.php(109): view('Shop/detail', [...])
 6 SYSTEMPATH\CodeIgniter.php(933): App\Controllers\Shop->detail('steel-rebar-set')
 7 SYSTEMPATH\CodeIgniter.php(507): CodeIgniter\CodeIgniter->runController(Object(App\Controllers\Shop))
 8 SYSTEMPATH\CodeIgniter.php(354): CodeIgniter\CodeIgniter->handleRequest(null, Object(Config\Cache), false)
 9 SYSTEMPATH\Boot.php(363): CodeIgniter\CodeIgniter->run()
10 SYSTEMPATH\Boot.php(68): CodeIgniter\Boot::runCodeIgniter(Object(CodeIgniter\CodeIgniter))
11 FCPATH\index.php(59): CodeIgniter\Boot::bootWeb(Object(Config\Paths))
12 SYSTEMPATH\rewrite.php(44): require_once('C:\\xampp\\htdocs\\nyobaUAS\\public\\index.php')
DEBUG - 2025-11-30 14:18:53 --> Session: Class initialized using 'CodeIgniter\Session\Handlers\FileHandler' driver.
DEBUG - 2025-11-30 14:18:53 --> Session: Class initialized using 'CodeIgniter\Session\Handlers\FileHandler' driver.
WARNING - 2025-11-30 14:19:07 --> [DEPRECATED] round(): Passing null to parameter #1 ($num) of type int|float is deprecated in APPPATH\Views\Shop\detail.php on line 175.
 1 APPPATH\Views\Shop\detail.php(175): round(null, 1)
 2 SYSTEMPATH\View\View.php(226): include('C:\\xampp\\htdocs\\nyobaUAS\\app\\Views\\Shop\\detail.php')
 3 SYSTEMPATH\View\View.php(229): CodeIgniter\View\View->CodeIgniter\View\{closure}()
 4 SYSTEMPATH\Common.php(1167): CodeIgniter\View\View->render('Shop/detail', [], true)
 5 APPPATH\Controllers\Shop.php(109): view('Shop/detail', [...])
 6 SYSTEMPATH\CodeIgniter.php(933): App\Controllers\Shop->detail('steel-rebar-set')
 7 SYSTEMPATH\CodeIgniter.php(507): CodeIgniter\CodeIgniter->runController(Object(App\Controllers\Shop))
 8 SYSTEMPATH\CodeIgniter.php(354): CodeIgniter\CodeIgniter->handleRequest(null, Object(Config\Cache), false)
 9 SYSTEMPATH\Boot.php(363): CodeIgniter\CodeIgniter->run()
10 SYSTEMPATH\Boot.php(68): CodeIgniter\Boot::runCodeIgniter(Object(CodeIgniter\CodeIgniter))
11 FCPATH\index.php(59): CodeIgniter\Boot::bootWeb(Object(Config\Paths))
12 SYSTEMPATH\rewrite.php(44): require_once('C:\\xampp\\htdocs\\nyobaUAS\\public\\index.php')
WARNING - 2025-11-30 14:19:07 --> [DEPRECATED] number_format(): Passing null to parameter #1 ($num) of type float is deprecated in APPPATH\Views\Shop\detail.php on line 179.
 1 APPPATH\Views\Shop\detail.php(179): number_format(null, 1)
 2 SYSTEMPATH\View\View.php(226): include('C:\\xampp\\htdocs\\nyobaUAS\\app\\Views\\Shop\\detail.php')
 3 SYSTEMPATH\View\View.php(229): CodeIgniter\View\View->CodeIgniter\View\{closure}()
 4 SYSTEMPATH\Common.php(1167): CodeIgniter\View\View->render('Shop/detail', [], true)
 5 APPPATH\Controllers\Shop.php(109): view('Shop/detail', [...])
 6 SYSTEMPATH\CodeIgniter.php(933): App\Controllers\Shop->detail('steel-rebar-set')
 7 SYSTEMPATH\CodeIgniter.php(507): CodeIgniter\CodeIgniter->runController(Object(App\Controllers\Shop))
 8 SYSTEMPATH\CodeIgniter.php(354): CodeIgniter\CodeIgniter->handleRequest(null, Object(Config\Cache), false)
 9 SYSTEMPATH\Boot.php(363): CodeIgniter\CodeIgniter->run()
10 SYSTEMPATH\Boot.php(68): CodeIgniter\Boot::runCodeIgniter(Object(CodeIgniter\CodeIgniter))
11 FCPATH\index.php(59): CodeIgniter\Boot::bootWeb(Object(Config\Paths))
12 SYSTEMPATH\rewrite.php(44): require_once('C:\\xampp\\htdocs\\nyobaUAS\\public\\index.php')
WARNING - 2025-11-30 14:19:07 --> [DEPRECATED] number_format(): Passing null to parameter #1 ($num) of type float is deprecated in APPPATH\Views\Shop\detail.php on line 232.
 1 APPPATH\Views\Shop\detail.php(232): number_format(null, 1)
 2 SYSTEMPATH\View\View.php(226): include('C:\\xampp\\htdocs\\nyobaUAS\\app\\Views\\Shop\\detail.php')
 3 SYSTEMPATH\View\View.php(229): CodeIgniter\View\View->CodeIgniter\View\{closure}()
 4 SYSTEMPATH\Common.php(1167): CodeIgniter\View\View->render('Shop/detail', [], true)
 5 APPPATH\Controllers\Shop.php(109): view('Shop/detail', [...])
 6 SYSTEMPATH\CodeIgniter.php(933): App\Controllers\Shop->detail('steel-rebar-set')
 7 SYSTEMPATH\CodeIgniter.php(507): CodeIgniter\CodeIgniter->runController(Object(App\Controllers\Shop))
 8 SYSTEMPATH\CodeIgniter.php(354): CodeIgniter\CodeIgniter->handleRequest(null, Object(Config\Cache), false)
 9 SYSTEMPATH\Boot.php(363): CodeIgniter\CodeIgniter->run()
10 SYSTEMPATH\Boot.php(68): CodeIgniter\Boot::runCodeIgniter(Object(CodeIgniter\CodeIgniter))
11 FCPATH\index.php(59): CodeIgniter\Boot::bootWeb(Object(Config\Paths))
12 SYSTEMPATH\rewrite.php(44): require_once('C:\\xampp\\htdocs\\nyobaUAS\\public\\index.php')
WARNING - 2025-11-30 14:19:07 --> [DEPRECATED] round(): Passing null to parameter #1 ($num) of type int|float is deprecated in APPPATH\Views\Shop\detail.php on line 235.
 1 APPPATH\Views\Shop\detail.php(235): round(null, 1)
 2 SYSTEMPATH\View\View.php(226): include('C:\\xampp\\htdocs\\nyobaUAS\\app\\Views\\Shop\\detail.php')
 3 SYSTEMPATH\View\View.php(229): CodeIgniter\View\View->CodeIgniter\View\{closure}()
 4 SYSTEMPATH\Common.php(1167): CodeIgniter\View\View->render('Shop/detail', [], true)
 5 APPPATH\Controllers\Shop.php(109): view('Shop/detail', [...])
 6 SYSTEMPATH\CodeIgniter.php(933): App\Controllers\Shop->detail('steel-rebar-set')
 7 SYSTEMPATH\CodeIgniter.php(507): CodeIgniter\CodeIgniter->runController(Object(App\Controllers\Shop))
 8 SYSTEMPATH\CodeIgniter.php(354): CodeIgniter\CodeIgniter->handleRequest(null, Object(Config\Cache), false)
 9 SYSTEMPATH\Boot.php(363): CodeIgniter\CodeIgniter->run()
10 SYSTEMPATH\Boot.php(68): CodeIgniter\Boot::runCodeIgniter(Object(CodeIgniter\CodeIgniter))
11 FCPATH\index.php(59): CodeIgniter\Boot::bootWeb(Object(Config\Paths))
12 SYSTEMPATH\rewrite.php(44): require_once('C:\\xampp\\htdocs\\nyobaUAS\\public\\index.php')
WARNING - 2025-11-30 14:19:11 --> [DEPRECATED] round(): Passing null to parameter #1 ($num) of type int|float is deprecated in APPPATH\Views\Shop\detail.php on line 175.
 1 APPPATH\Views\Shop\detail.php(175): round(null, 1)
 2 SYSTEMPATH\View\View.php(226): include('C:\\xampp\\htdocs\\nyobaUAS\\app\\Views\\Shop\\detail.php')
 3 SYSTEMPATH\View\View.php(229): CodeIgniter\View\View->CodeIgniter\View\{closure}()
 4 SYSTEMPATH\Common.php(1167): CodeIgniter\View\View->render('Shop/detail', [], true)
 5 APPPATH\Controllers\Shop.php(109): view('Shop/detail', [...])
 6 SYSTEMPATH\CodeIgniter.php(933): App\Controllers\Shop->detail('steel-rebar-set')
 7 SYSTEMPATH\CodeIgniter.php(507): CodeIgniter\CodeIgniter->runController(Object(App\Controllers\Shop))
 8 SYSTEMPATH\CodeIgniter.php(354): CodeIgniter\CodeIgniter->handleRequest(null, Object(Config\Cache), false)
 9 SYSTEMPATH\Boot.php(363): CodeIgniter\CodeIgniter->run()
10 SYSTEMPATH\Boot.php(68): CodeIgniter\Boot::runCodeIgniter(Object(CodeIgniter\CodeIgniter))
11 FCPATH\index.php(59): CodeIgniter\Boot::bootWeb(Object(Config\Paths))
12 SYSTEMPATH\rewrite.php(44): require_once('C:\\xampp\\htdocs\\nyobaUAS\\public\\index.php')
WARNING - 2025-11-30 14:19:11 --> [DEPRECATED] number_format(): Passing null to parameter #1 ($num) of type float is deprecated in APPPATH\Views\Shop\detail.php on line 179.
 1 APPPATH\Views\Shop\detail.php(179): number_format(null, 1)
 2 SYSTEMPATH\View\View.php(226): include('C:\\xampp\\htdocs\\nyobaUAS\\app\\Views\\Shop\\detail.php')
 3 SYSTEMPATH\View\View.php(229): CodeIgniter\View\View->CodeIgniter\View\{closure}()
 4 SYSTEMPATH\Common.php(1167): CodeIgniter\View\View->render('Shop/detail', [], true)
 5 APPPATH\Controllers\Shop.php(109): view('Shop/detail', [...])
 6 SYSTEMPATH\CodeIgniter.php(933): App\Controllers\Shop->detail('steel-rebar-set')
 7 SYSTEMPATH\CodeIgniter.php(507): CodeIgniter\CodeIgniter->runController(Object(App\Controllers\Shop))
 8 SYSTEMPATH\CodeIgniter.php(354): CodeIgniter\CodeIgniter->handleRequest(null, Object(Config\Cache), false)
 9 SYSTEMPATH\Boot.php(363): CodeIgniter\CodeIgniter->run()
10 SYSTEMPATH\Boot.php(68): CodeIgniter\Boot::runCodeIgniter(Object(CodeIgniter\CodeIgniter))
11 FCPATH\index.php(59): CodeIgniter\Boot::bootWeb(Object(Config\Paths))
12 SYSTEMPATH\rewrite.php(44): require_once('C:\\xampp\\htdocs\\nyobaUAS\\public\\index.php')
WARNING - 2025-11-30 14:19:11 --> [DEPRECATED] number_format(): Passing null to parameter #1 ($num) of type float is deprecated in APPPATH\Views\Shop\detail.php on line 232.
 1 APPPATH\Views\Shop\detail.php(232): number_format(null, 1)
 2 SYSTEMPATH\View\View.php(226): include('C:\\xampp\\htdocs\\nyobaUAS\\app\\Views\\Shop\\detail.php')
 3 SYSTEMPATH\View\View.php(229): CodeIgniter\View\View->CodeIgniter\View\{closure}()
 4 SYSTEMPATH\Common.php(1167): CodeIgniter\View\View->render('Shop/detail', [], true)
 5 APPPATH\Controllers\Shop.php(109): view('Shop/detail', [...])
 6 SYSTEMPATH\CodeIgniter.php(933): App\Controllers\Shop->detail('steel-rebar-set')
 7 SYSTEMPATH\CodeIgniter.php(507): CodeIgniter\CodeIgniter->runController(Object(App\Controllers\Shop))
 8 SYSTEMPATH\CodeIgniter.php(354): CodeIgniter\CodeIgniter->handleRequest(null, Object(Config\Cache), false)
 9 SYSTEMPATH\Boot.php(363): CodeIgniter\CodeIgniter->run()
10 SYSTEMPATH\Boot.php(68): CodeIgniter\Boot::runCodeIgniter(Object(CodeIgniter\CodeIgniter))
11 FCPATH\index.php(59): CodeIgniter\Boot::bootWeb(Object(Config\Paths))
12 SYSTEMPATH\rewrite.php(44): require_once('C:\\xampp\\htdocs\\nyobaUAS\\public\\index.php')
WARNING - 2025-11-30 14:19:11 --> [DEPRECATED] round(): Passing null to parameter #1 ($num) of type int|float is deprecated in APPPATH\Views\Shop\detail.php on line 235.
 1 APPPATH\Views\Shop\detail.php(235): round(null, 1)
 2 SYSTEMPATH\View\View.php(226): include('C:\\xampp\\htdocs\\nyobaUAS\\app\\Views\\Shop\\detail.php')
 3 SYSTEMPATH\View\View.php(229): CodeIgniter\View\View->CodeIgniter\View\{closure}()
 4 SYSTEMPATH\Common.php(1167): CodeIgniter\View\View->render('Shop/detail', [], true)
 5 APPPATH\Controllers\Shop.php(109): view('Shop/detail', [...])
 6 SYSTEMPATH\CodeIgniter.php(933): App\Controllers\Shop->detail('steel-rebar-set')
 7 SYSTEMPATH\CodeIgniter.php(507): CodeIgniter\CodeIgniter->runController(Object(App\Controllers\Shop))
 8 SYSTEMPATH\CodeIgniter.php(354): CodeIgniter\CodeIgniter->handleRequest(null, Object(Config\Cache), false)
 9 SYSTEMPATH\Boot.php(363): CodeIgniter\CodeIgniter->run()
10 SYSTEMPATH\Boot.php(68): CodeIgniter\Boot::runCodeIgniter(Object(CodeIgniter\CodeIgniter))
11 FCPATH\index.php(59): CodeIgniter\Boot::bootWeb(Object(Config\Paths))
12 SYSTEMPATH\rewrite.php(44): require_once('C:\\xampp\\htdocs\\nyobaUAS\\public\\index.php')
DEBUG - 2025-11-30 14:19:12 --> Session: Class initialized using 'CodeIgniter\Session\Handlers\FileHandler' driver.
DEBUG - 2025-11-30 14:19:30 --> Session: Class initialized using 'CodeIgniter\Session\Handlers\FileHandler' driver.
DEBUG - 2025-11-30 14:20:39 --> Session: Class initialized using 'CodeIgniter\Session\Handlers\FileHandler' driver.
DEBUG - 2025-11-30 14:22:00 --> Session: Class initialized using 'CodeIgniter\Session\Handlers\FileHandler' driver.
WARNING - 2025-11-30 14:22:58 --> [DEPRECATED] round(): Passing null to parameter #1 ($num) of type int|float is deprecated in APPPATH\Views\Shop\detail.php on line 175.
 1 APPPATH\Views\Shop\detail.php(175): round(null, 1)
 2 SYSTEMPATH\View\View.php(226): include('C:\\xampp\\htdocs\\nyobaUAS\\app\\Views\\Shop\\detail.php')
 3 SYSTEMPATH\View\View.php(229): CodeIgniter\View\View->CodeIgniter\View\{closure}()
 4 SYSTEMPATH\Common.php(1167): CodeIgniter\View\View->render('Shop/detail', [], true)
 5 APPPATH\Controllers\Shop.php(109): view('Shop/detail', [...])
 6 SYSTEMPATH\CodeIgniter.php(933): App\Controllers\Shop->detail('steel-rebar-set')
 7 SYSTEMPATH\CodeIgniter.php(507): CodeIgniter\CodeIgniter->runController(Object(App\Controllers\Shop))
 8 SYSTEMPATH\CodeIgniter.php(354): CodeIgniter\CodeIgniter->handleRequest(null, Object(Config\Cache), false)
 9 SYSTEMPATH\Boot.php(363): CodeIgniter\CodeIgniter->run()
10 SYSTEMPATH\Boot.php(68): CodeIgniter\Boot::runCodeIgniter(Object(CodeIgniter\CodeIgniter))
11 FCPATH\index.php(59): CodeIgniter\Boot::bootWeb(Object(Config\Paths))
12 SYSTEMPATH\rewrite.php(44): require_once('C:\\xampp\\htdocs\\nyobaUAS\\public\\index.php')
WARNING - 2025-11-30 14:22:58 --> [DEPRECATED] number_format(): Passing null to parameter #1 ($num) of type float is deprecated in APPPATH\Views\Shop\detail.php on line 179.
 1 APPPATH\Views\Shop\detail.php(179): number_format(null, 1)
 2 SYSTEMPATH\View\View.php(226): include('C:\\xampp\\htdocs\\nyobaUAS\\app\\Views\\Shop\\detail.php')
 3 SYSTEMPATH\View\View.php(229): CodeIgniter\View\View->CodeIgniter\View\{closure}()
 4 SYSTEMPATH\Common.php(1167): CodeIgniter\View\View->render('Shop/detail', [], true)
 5 APPPATH\Controllers\Shop.php(109): view('Shop/detail', [...])
 6 SYSTEMPATH\CodeIgniter.php(933): App\Controllers\Shop->detail('steel-rebar-set')
 7 SYSTEMPATH\CodeIgniter.php(507): CodeIgniter\CodeIgniter->runController(Object(App\Controllers\Shop))
 8 SYSTEMPATH\CodeIgniter.php(354): CodeIgniter\CodeIgniter->handleRequest(null, Object(Config\Cache), false)
 9 SYSTEMPATH\Boot.php(363): CodeIgniter\CodeIgniter->run()
10 SYSTEMPATH\Boot.php(68): CodeIgniter\Boot::runCodeIgniter(Object(CodeIgniter\CodeIgniter))
11 FCPATH\index.php(59): CodeIgniter\Boot::bootWeb(Object(Config\Paths))
12 SYSTEMPATH\rewrite.php(44): require_once('C:\\xampp\\htdocs\\nyobaUAS\\public\\index.php')
WARNING - 2025-11-30 14:22:58 --> [DEPRECATED] number_format(): Passing null to parameter #1 ($num) of type float is deprecated in APPPATH\Views\Shop\detail.php on line 232.
 1 APPPATH\Views\Shop\detail.php(232): number_format(null, 1)
 2 SYSTEMPATH\View\View.php(226): include('C:\\xampp\\htdocs\\nyobaUAS\\app\\Views\\Shop\\detail.php')
 3 SYSTEMPATH\View\View.php(229): CodeIgniter\View\View->CodeIgniter\View\{closure}()
 4 SYSTEMPATH\Common.php(1167): CodeIgniter\View\View->render('Shop/detail', [], true)
 5 APPPATH\Controllers\Shop.php(109): view('Shop/detail', [...])
 6 SYSTEMPATH\CodeIgniter.php(933): App\Controllers\Shop->detail('steel-rebar-set')
 7 SYSTEMPATH\CodeIgniter.php(507): CodeIgniter\CodeIgniter->runController(Object(App\Controllers\Shop))
 8 SYSTEMPATH\CodeIgniter.php(354): CodeIgniter\CodeIgniter->handleRequest(null, Object(Config\Cache), false)
 9 SYSTEMPATH\Boot.php(363): CodeIgniter\CodeIgniter->run()
10 SYSTEMPATH\Boot.php(68): CodeIgniter\Boot::runCodeIgniter(Object(CodeIgniter\CodeIgniter))
11 FCPATH\index.php(59): CodeIgniter\Boot::bootWeb(Object(Config\Paths))
12 SYSTEMPATH\rewrite.php(44): require_once('C:\\xampp\\htdocs\\nyobaUAS\\public\\index.php')
WARNING - 2025-11-30 14:22:58 --> [DEPRECATED] round(): Passing null to parameter #1 ($num) of type int|float is deprecated in APPPATH\Views\Shop\detail.php on line 235.
 1 APPPATH\Views\Shop\detail.php(235): round(null, 1)
 2 SYSTEMPATH\View\View.php(226): include('C:\\xampp\\htdocs\\nyobaUAS\\app\\Views\\Shop\\detail.php')
 3 SYSTEMPATH\View\View.php(229): CodeIgniter\View\View->CodeIgniter\View\{closure}()
 4 SYSTEMPATH\Common.php(1167): CodeIgniter\View\View->render('Shop/detail', [], true)
 5 APPPATH\Controllers\Shop.php(109): view('Shop/detail', [...])
 6 SYSTEMPATH\CodeIgniter.php(933): App\Controllers\Shop->detail('steel-rebar-set')
 7 SYSTEMPATH\CodeIgniter.php(507): CodeIgniter\CodeIgniter->runController(Object(App\Controllers\Shop))
 8 SYSTEMPATH\CodeIgniter.php(354): CodeIgniter\CodeIgniter->handleRequest(null, Object(Config\Cache), false)
 9 SYSTEMPATH\Boot.php(363): CodeIgniter\CodeIgniter->run()
10 SYSTEMPATH\Boot.php(68): CodeIgniter\Boot::runCodeIgniter(Object(CodeIgniter\CodeIgniter))
11 FCPATH\index.php(59): CodeIgniter\Boot::bootWeb(Object(Config\Paths))
12 SYSTEMPATH\rewrite.php(44): require_once('C:\\xampp\\htdocs\\nyobaUAS\\public\\index.php')
DEBUG - 2025-11-30 14:23:01 --> Session: Class initialized using 'CodeIgniter\Session\Handlers\FileHandler' driver.
DEBUG - 2025-11-30 14:23:01 --> Session: Class initialized using 'CodeIgniter\Session\Handlers\FileHandler' driver.
DEBUG - 2025-11-30 14:23:13 --> Session: Class initialized using 'CodeIgniter\Session\Handlers\FileHandler' driver.
DEBUG - 2025-11-30 14:23:14 --> Session: Class initialized using 'CodeIgniter\Session\Handlers\FileHandler' driver.
DEBUG - 2025-11-30 14:27:03 --> Session: Class initialized using 'CodeIgniter\Session\Handlers\FileHandler' driver.
DEBUG - 2025-11-30 14:27:22 --> Session: Class initialized using 'CodeIgniter\Session\Handlers\FileHandler' driver.
DEBUG - 2025-11-30 14:27:23 --> Session: Class initialized using 'CodeIgniter\Session\Handlers\FileHandler' driver.
DEBUG - 2025-11-30 14:27:26 --> Session: Class initialized using 'CodeIgniter\Session\Handlers\FileHandler' driver.
DEBUG - 2025-11-30 14:27:46 --> Session: Class initialized using 'CodeIgniter\Session\Handlers\FileHandler' driver.
DEBUG - 2025-11-30 14:27:47 --> Session: Class initialized using 'CodeIgniter\Session\Handlers\FileHandler' driver.
DEBUG - 2025-11-30 14:27:55 --> Session: Class initialized using 'CodeIgniter\Session\Handlers\FileHandler' driver.
DEBUG - 2025-11-30 14:27:55 --> Session: Class initialized using 'CodeIgniter\Session\Handlers\FileHandler' driver.
DEBUG - 2025-11-30 14:35:57 --> Session: Class initialized using 'CodeIgniter\Session\Handlers\FileHandler' driver.
DEBUG - 2025-11-30 14:37:17 --> Session: Class initialized using 'CodeIgniter\Session\Handlers\FileHandler' driver.
DEBUG - 2025-11-30 14:40:04 --> Session: Class initialized using 'CodeIgniter\Session\Handlers\FileHandler' driver.
DEBUG - 2025-11-30 14:52:50 --> Session: Class initialized using 'CodeIgniter\Session\Handlers\FileHandler' driver.
DEBUG - 2025-11-30 14:52:50 --> Session: Class initialized using 'CodeIgniter\Session\Handlers\FileHandler' driver.
DEBUG - 2025-11-30 14:52:52 --> Session: Class initialized using 'CodeIgniter\Session\Handlers\FileHandler' driver.
DEBUG - 2025-11-30 14:58:18 --> Session: Class initialized using 'CodeIgniter\Session\Handlers\FileHandler' driver.
DEBUG - 2025-11-30 14:58:22 --> Session: Class initialized using 'CodeIgniter\Session\Handlers\FileHandler' driver.
DEBUG - 2025-11-30 14:58:31 --> Session: Class initialized using 'CodeIgniter\Session\Handlers\FileHandler' driver.
DEBUG - 2025-11-30 14:58:32 --> Session: Class initialized using 'CodeIgniter\Session\Handlers\FileHandler' driver.
DEBUG - 2025-11-30 15:08:03 --> Session: Class initialized using 'CodeIgniter\Session\Handlers\FileHandler' driver.
WARNING - 2025-11-30 15:11:04 --> [DEPRECATED] round(): Passing null to parameter #1 ($num) of type int|float is deprecated in APPPATH\Views\Shop\detail.php on line 175.
 1 APPPATH\Views\Shop\detail.php(175): round(null, 1)
 2 SYSTEMPATH\View\View.php(226): include('C:\\xampp\\htdocs\\nyobaUAS\\app\\Views\\Shop\\detail.php')
 3 SYSTEMPATH\View\View.php(229): CodeIgniter\View\View->CodeIgniter\View\{closure}()
 4 SYSTEMPATH\Common.php(1167): CodeIgniter\View\View->render('Shop/detail', [], true)
 5 APPPATH\Controllers\Shop.php(109): view('Shop/detail', [...])
 6 SYSTEMPATH\CodeIgniter.php(933): App\Controllers\Shop->detail('safety-helmet-set')
 7 SYSTEMPATH\CodeIgniter.php(507): CodeIgniter\CodeIgniter->runController(Object(App\Controllers\Shop))
 8 SYSTEMPATH\CodeIgniter.php(354): CodeIgniter\CodeIgniter->handleRequest(null, Object(Config\Cache), false)
 9 SYSTEMPATH\Boot.php(363): CodeIgniter\CodeIgniter->run()
10 SYSTEMPATH\Boot.php(68): CodeIgniter\Boot::runCodeIgniter(Object(CodeIgniter\CodeIgniter))
11 FCPATH\index.php(59): CodeIgniter\Boot::bootWeb(Object(Config\Paths))
12 SYSTEMPATH\rewrite.php(44): require_once('C:\\xampp\\htdocs\\nyobaUAS\\public\\index.php')
WARNING - 2025-11-30 15:11:04 --> [DEPRECATED] number_format(): Passing null to parameter #1 ($num) of type float is deprecated in APPPATH\Views\Shop\detail.php on line 179.
 1 APPPATH\Views\Shop\detail.php(179): number_format(null, 1)
 2 SYSTEMPATH\View\View.php(226): include('C:\\xampp\\htdocs\\nyobaUAS\\app\\Views\\Shop\\detail.php')
 3 SYSTEMPATH\View\View.php(229): CodeIgniter\View\View->CodeIgniter\View\{closure}()
 4 SYSTEMPATH\Common.php(1167): CodeIgniter\View\View->render('Shop/detail', [], true)
 5 APPPATH\Controllers\Shop.php(109): view('Shop/detail', [...])
 6 SYSTEMPATH\CodeIgniter.php(933): App\Controllers\Shop->detail('safety-helmet-set')
 7 SYSTEMPATH\CodeIgniter.php(507): CodeIgniter\CodeIgniter->runController(Object(App\Controllers\Shop))
 8 SYSTEMPATH\CodeIgniter.php(354): CodeIgniter\CodeIgniter->handleRequest(null, Object(Config\Cache), false)
 9 SYSTEMPATH\Boot.php(363): CodeIgniter\CodeIgniter->run()
10 SYSTEMPATH\Boot.php(68): CodeIgniter\Boot::runCodeIgniter(Object(CodeIgniter\CodeIgniter))
11 FCPATH\index.php(59): CodeIgniter\Boot::bootWeb(Object(Config\Paths))
12 SYSTEMPATH\rewrite.php(44): require_once('C:\\xampp\\htdocs\\nyobaUAS\\public\\index.php')
WARNING - 2025-11-30 15:11:04 --> [DEPRECATED] number_format(): Passing null to parameter #1 ($num) of type float is deprecated in APPPATH\Views\Shop\detail.php on line 232.
 1 APPPATH\Views\Shop\detail.php(232): number_format(null, 1)
 2 SYSTEMPATH\View\View.php(226): include('C:\\xampp\\htdocs\\nyobaUAS\\app\\Views\\Shop\\detail.php')
 3 SYSTEMPATH\View\View.php(229): CodeIgniter\View\View->CodeIgniter\View\{closure}()
 4 SYSTEMPATH\Common.php(1167): CodeIgniter\View\View->render('Shop/detail', [], true)
 5 APPPATH\Controllers\Shop.php(109): view('Shop/detail', [...])
 6 SYSTEMPATH\CodeIgniter.php(933): App\Controllers\Shop->detail('safety-helmet-set')
 7 SYSTEMPATH\CodeIgniter.php(507): CodeIgniter\CodeIgniter->runController(Object(App\Controllers\Shop))
 8 SYSTEMPATH\CodeIgniter.php(354): CodeIgniter\CodeIgniter->handleRequest(null, Object(Config\Cache), false)
 9 SYSTEMPATH\Boot.php(363): CodeIgniter\CodeIgniter->run()
10 SYSTEMPATH\Boot.php(68): CodeIgniter\Boot::runCodeIgniter(Object(CodeIgniter\CodeIgniter))
11 FCPATH\index.php(59): CodeIgniter\Boot::bootWeb(Object(Config\Paths))
12 SYSTEMPATH\rewrite.php(44): require_once('C:\\xampp\\htdocs\\nyobaUAS\\public\\index.php')
WARNING - 2025-11-30 15:11:04 --> [DEPRECATED] round(): Passing null to parameter #1 ($num) of type int|float is deprecated in APPPATH\Views\Shop\detail.php on line 235.
 1 APPPATH\Views\Shop\detail.php(235): round(null, 1)
 2 SYSTEMPATH\View\View.php(226): include('C:\\xampp\\htdocs\\nyobaUAS\\app\\Views\\Shop\\detail.php')
 3 SYSTEMPATH\View\View.php(229): CodeIgniter\View\View->CodeIgniter\View\{closure}()
 4 SYSTEMPATH\Common.php(1167): CodeIgniter\View\View->render('Shop/detail', [], true)
 5 APPPATH\Controllers\Shop.php(109): view('Shop/detail', [...])
 6 SYSTEMPATH\CodeIgniter.php(933): App\Controllers\Shop->detail('safety-helmet-set')
 7 SYSTEMPATH\CodeIgniter.php(507): CodeIgniter\CodeIgniter->runController(Object(App\Controllers\Shop))
 8 SYSTEMPATH\CodeIgniter.php(354): CodeIgniter\CodeIgniter->handleRequest(null, Object(Config\Cache), false)
 9 SYSTEMPATH\Boot.php(363): CodeIgniter\CodeIgniter->run()
10 SYSTEMPATH\Boot.php(68): CodeIgniter\Boot::runCodeIgniter(Object(CodeIgniter\CodeIgniter))
11 FCPATH\index.php(59): CodeIgniter\Boot::bootWeb(Object(Config\Paths))
12 SYSTEMPATH\rewrite.php(44): require_once('C:\\xampp\\htdocs\\nyobaUAS\\public\\index.php')
DEBUG - 2025-11-30 15:11:10 --> Session: Class initialized using 'CodeIgniter\Session\Handlers\FileHandler' driver.
DEBUG - 2025-11-30 15:11:10 --> Session: Class initialized using 'CodeIgniter\Session\Handlers\FileHandler' driver.
DEBUG - 2025-11-30 15:15:10 --> Session: Class initialized using 'CodeIgniter\Session\Handlers\FileHandler' driver.
WARNING - 2025-11-30 15:22:13 --> [DEPRECATED] round(): Passing null to parameter #1 ($num) of type int|float is deprecated in APPPATH\Views\Shop\detail.php on line 175.
 1 APPPATH\Views\Shop\detail.php(175): round(null, 1)
 2 SYSTEMPATH\View\View.php(226): include('C:\\xampp\\htdocs\\nyobaUAS\\app\\Views\\Shop\\detail.php')
 3 SYSTEMPATH\View\View.php(229): CodeIgniter\View\View->CodeIgniter\View\{closure}()
 4 SYSTEMPATH\Common.php(1167): CodeIgniter\View\View->render('Shop/detail', [], true)
 5 APPPATH\Controllers\Shop.php(109): view('Shop/detail', [...])
 6 SYSTEMPATH\CodeIgniter.php(933): App\Controllers\Shop->detail('steel-rebar-set')
 7 SYSTEMPATH\CodeIgniter.php(507): CodeIgniter\CodeIgniter->runController(Object(App\Controllers\Shop))
 8 SYSTEMPATH\CodeIgniter.php(354): CodeIgniter\CodeIgniter->handleRequest(null, Object(Config\Cache), false)
 9 SYSTEMPATH\Boot.php(363): CodeIgniter\CodeIgniter->run()
10 SYSTEMPATH\Boot.php(68): CodeIgniter\Boot::runCodeIgniter(Object(CodeIgniter\CodeIgniter))
11 FCPATH\index.php(59): CodeIgniter\Boot::bootWeb(Object(Config\Paths))
12 SYSTEMPATH\rewrite.php(44): require_once('C:\\xampp\\htdocs\\nyobaUAS\\public\\index.php')
WARNING - 2025-11-30 15:22:13 --> [DEPRECATED] number_format(): Passing null to parameter #1 ($num) of type float is deprecated in APPPATH\Views\Shop\detail.php on line 179.
 1 APPPATH\Views\Shop\detail.php(179): number_format(null, 1)
 2 SYSTEMPATH\View\View.php(226): include('C:\\xampp\\htdocs\\nyobaUAS\\app\\Views\\Shop\\detail.php')
 3 SYSTEMPATH\View\View.php(229): CodeIgniter\View\View->CodeIgniter\View\{closure}()
 4 SYSTEMPATH\Common.php(1167): CodeIgniter\View\View->render('Shop/detail', [], true)
 5 APPPATH\Controllers\Shop.php(109): view('Shop/detail', [...])
 6 SYSTEMPATH\CodeIgniter.php(933): App\Controllers\Shop->detail('steel-rebar-set')
 7 SYSTEMPATH\CodeIgniter.php(507): CodeIgniter\CodeIgniter->runController(Object(App\Controllers\Shop))
 8 SYSTEMPATH\CodeIgniter.php(354): CodeIgniter\CodeIgniter->handleRequest(null, Object(Config\Cache), false)
 9 SYSTEMPATH\Boot.php(363): CodeIgniter\CodeIgniter->run()
10 SYSTEMPATH\Boot.php(68): CodeIgniter\Boot::runCodeIgniter(Object(CodeIgniter\CodeIgniter))
11 FCPATH\index.php(59): CodeIgniter\Boot::bootWeb(Object(Config\Paths))
12 SYSTEMPATH\rewrite.php(44): require_once('C:\\xampp\\htdocs\\nyobaUAS\\public\\index.php')
WARNING - 2025-11-30 15:22:13 --> [DEPRECATED] number_format(): Passing null to parameter #1 ($num) of type float is deprecated in APPPATH\Views\Shop\detail.php on line 232.
 1 APPPATH\Views\Shop\detail.php(232): number_format(null, 1)
 2 SYSTEMPATH\View\View.php(226): include('C:\\xampp\\htdocs\\nyobaUAS\\app\\Views\\Shop\\detail.php')
 3 SYSTEMPATH\View\View.php(229): CodeIgniter\View\View->CodeIgniter\View\{closure}()
 4 SYSTEMPATH\Common.php(1167): CodeIgniter\View\View->render('Shop/detail', [], true)
 5 APPPATH\Controllers\Shop.php(109): view('Shop/detail', [...])
 6 SYSTEMPATH\CodeIgniter.php(933): App\Controllers\Shop->detail('steel-rebar-set')
 7 SYSTEMPATH\CodeIgniter.php(507): CodeIgniter\CodeIgniter->runController(Object(App\Controllers\Shop))
 8 SYSTEMPATH\CodeIgniter.php(354): CodeIgniter\CodeIgniter->handleRequest(null, Object(Config\Cache), false)
 9 SYSTEMPATH\Boot.php(363): CodeIgniter\CodeIgniter->run()
10 SYSTEMPATH\Boot.php(68): CodeIgniter\Boot::runCodeIgniter(Object(CodeIgniter\CodeIgniter))
11 FCPATH\index.php(59): CodeIgniter\Boot::bootWeb(Object(Config\Paths))
12 SYSTEMPATH\rewrite.php(44): require_once('C:\\xampp\\htdocs\\nyobaUAS\\public\\index.php')
WARNING - 2025-11-30 15:22:13 --> [DEPRECATED] round(): Passing null to parameter #1 ($num) of type int|float is deprecated in APPPATH\Views\Shop\detail.php on line 235.
 1 APPPATH\Views\Shop\detail.php(235): round(null, 1)
 2 SYSTEMPATH\View\View.php(226): include('C:\\xampp\\htdocs\\nyobaUAS\\app\\Views\\Shop\\detail.php')
 3 SYSTEMPATH\View\View.php(229): CodeIgniter\View\View->CodeIgniter\View\{closure}()
 4 SYSTEMPATH\Common.php(1167): CodeIgniter\View\View->render('Shop/detail', [], true)
 5 APPPATH\Controllers\Shop.php(109): view('Shop/detail', [...])
 6 SYSTEMPATH\CodeIgniter.php(933): App\Controllers\Shop->detail('steel-rebar-set')
 7 SYSTEMPATH\CodeIgniter.php(507): CodeIgniter\CodeIgniter->runController(Object(App\Controllers\Shop))
 8 SYSTEMPATH\CodeIgniter.php(354): CodeIgniter\CodeIgniter->handleRequest(null, Object(Config\Cache), false)
 9 SYSTEMPATH\Boot.php(363): CodeIgniter\CodeIgniter->run()
10 SYSTEMPATH\Boot.php(68): CodeIgniter\Boot::runCodeIgniter(Object(CodeIgniter\CodeIgniter))
11 FCPATH\index.php(59): CodeIgniter\Boot::bootWeb(Object(Config\Paths))
12 SYSTEMPATH\rewrite.php(44): require_once('C:\\xampp\\htdocs\\nyobaUAS\\public\\index.php')
CRITICAL - 2025-11-30 15:22:46 --> Error: Class "App\Controllers\RevieModel" not found
[Method: GET, Route: shop/steel-rebar-set]
in APPPATH\Controllers\Shop.php on line 84.
 1 SYSTEMPATH\CodeIgniter.php(933): App\Controllers\Shop->detail('steel-rebar-set')
 2 SYSTEMPATH\CodeIgniter.php(507): CodeIgniter\CodeIgniter->runController(Object(App\Controllers\Shop))
 3 SYSTEMPATH\CodeIgniter.php(354): CodeIgniter\CodeIgniter->handleRequest(null, Object(Config\Cache), false)
 4 SYSTEMPATH\Boot.php(363): CodeIgniter\CodeIgniter->run()
 5 SYSTEMPATH\Boot.php(68): CodeIgniter\Boot::runCodeIgniter(Object(CodeIgniter\CodeIgniter))
 6 FCPATH\index.php(59): CodeIgniter\Boot::bootWeb(Object(Config\Paths))
 7 SYSTEMPATH\rewrite.php(44): require_once('C:\\xampp\\htdocs\\nyobaUAS\\public\\index.php')
CRITICAL - 2025-11-30 15:24:31 --> Error: Class "App\Controllers\RevieModel" not found
[Method: GET, Route: shop/premium-portland-cement]
in APPPATH\Controllers\Shop.php on line 84.
 1 SYSTEMPATH\CodeIgniter.php(933): App\Controllers\Shop->detail('premium-portland-cement')
 2 SYSTEMPATH\CodeIgniter.php(507): CodeIgniter\CodeIgniter->runController(Object(App\Controllers\Shop))
 3 SYSTEMPATH\CodeIgniter.php(354): CodeIgniter\CodeIgniter->handleRequest(null, Object(Config\Cache), false)
 4 SYSTEMPATH\Boot.php(363): CodeIgniter\CodeIgniter->run()
 5 SYSTEMPATH\Boot.php(68): CodeIgniter\Boot::runCodeIgniter(Object(CodeIgniter\CodeIgniter))
 6 FCPATH\index.php(59): CodeIgniter\Boot::bootWeb(Object(Config\Paths))
 7 SYSTEMPATH\rewrite.php(44): require_once('C:\\xampp\\htdocs\\nyobaUAS\\public\\index.php')
CRITICAL - 2025-11-30 15:25:06 --> Error: Class "App\Controllers\RevieModel" not found
[Method: GET, Route: shop/premium-portland-cement]
in APPPATH\Controllers\Shop.php on line 84.
 1 SYSTEMPATH\CodeIgniter.php(933): App\Controllers\Shop->detail('premium-portland-cement')
 2 SYSTEMPATH\CodeIgniter.php(507): CodeIgniter\CodeIgniter->runController(Object(App\Controllers\Shop))
 3 SYSTEMPATH\CodeIgniter.php(354): CodeIgniter\CodeIgniter->handleRequest(null, Object(Config\Cache), false)
 4 SYSTEMPATH\Boot.php(363): CodeIgniter\CodeIgniter->run()
 5 SYSTEMPATH\Boot.php(68): CodeIgniter\Boot::runCodeIgniter(Object(CodeIgniter\CodeIgniter))
 6 FCPATH\index.php(59): CodeIgniter\Boot::bootWeb(Object(Config\Paths))
 7 SYSTEMPATH\rewrite.php(44): require_once('C:\\xampp\\htdocs\\nyobaUAS\\public\\index.php')
